Code,Symbol,,,,,,,,,,,,
0001.KL,SCOMNET.KL,,,,,,,,,,,,
0002.KL,KOTRA.KL,,,,,,,,,,,,
0005.KL,UCREST.KL,,,,,,,,,,,,
0006.KL,PINEAPP.KL,,,,,,,,,,,,
0007.KL,PUC.KL,,,,,,,,,,,,
0008.KL,WILLOW.KL,,,,,,,,,,,,
0010.KL,IRIS.KL,,,,,,,,,,,,
0011.KL,BTECH.KL,,,,,,,,,,,,
0012.KL,3A.KL,,,,,,,,,,,,
0017.KL,NOVATECH.KL,,,,,,,,,,,,
0018.KL,LAMBO.KL,,,,,,,,,,,,
0020.KL,NETX.KL,,,,,,,,,,,,
0022.KL,PARLO.KL,,,,,,,,,,,,
0023.KL,IFCAMSC.KL,,,,,,,,,,,,
0024.KL,JAG.KL,,,,,,,,,,,,
0025.KL,YBS.KL,,,,,,,,,,,,
0026.KL,NOVAMSC.KL,,,,,,,,,,,,
0028.KL,SCOPE.KL,,,,,,,,,,,,
0029.KL,DIGISTA.KL,,,,,,,,,,,,
0032.KL,REDTONE.KL,,,,,,,,,,,,
0034.KL,MMAG.KL,,,,,,,,,,,,
0035.KL,HEXCAP.KL,,,,,,,,,,,,
0036.KL,KGROUP.KL,,,,,,,,,,,,
0037.KL,RGB.KL,,,,,,,,,,,,
0038.KL,ARTRONIQ.KL,,,,,,,,,,,,
0039.KL,GFM.KL,,,,,,,,,,,,
0040.KL,OPENSYS.KL,,,,,,,,,,,,
0041.KL,AIMAX.KL,,,,,,,,,,,,
0043.KL,MTRONIC.KL,,,,,,,,,,,,
0045.KL,SSB8.KL,,,,,,,,,,,,
0048.KL,ANCOMLB.KL,,,,,,,,,,,,
0049.KL,OCNCASH.KL,,,,,,,,,,,,
0050.KL,SYSTECH.KL,,,,,,,,,,,,
0051.KL,CUSCAPI.KL,,,,,,,,,,,,
0053.KL,OSKVI.KL,,,,,,,,,,,,
0054.KL,KARYON.KL,,,,,,,,,,,,
0055.KL,SERSOL.KL,,,,,,,,,,,,
0056.KL,NCT.KL,,,,,,,,,,,,
0058.KL,JCBNEXT.KL,,,,,,,,,,,,
0059.KL,ECOHLDS.KL,,,,,,,,,,,,
0060.KL,HM.KL,,,,,,,,,,,,
0064.KL,EFFICEN.KL,,,,,,,,,,,,
0065.KL,EFORCE.KL,,,,,,,,,,,,
0066.KL,VSOLAR.KL,,,,,,,,,,,,
0068.KL,ASDION.KL,,,,,,,,,,,,
0069.KL,VINVEST.KL,,,,,,,,,,,,
0070.KL,MQTECH.KL,,,,,,,,,,,,
0072.KL,ERDASAN.KL,,,,,,,,,,,,
0074.KL,GOCEAN.KL,,,,,,,,,,,,
0075.KL,LYC.KL,,,,,,,,,,,,
0078.KL,GDEX.KL,,,,,,,,,,,,
0079.KL,ALRICH.KL,,,,,,,,,,,,
0080.KL,STRAITS.KL,,,,,,,,,,,,
0081.KL,REKATECH.KL,,,,,,,,,,,,
0082.KL,GPACKET.KL,,,,,,,,,,,,
0083.KL,NOTION.KL,,,,,,,,,,,,
0084.KL,FAST.KL,,,,,,,,,,,,
0085.KL,MLAB.KL,,,,,,,,,,,,
0086.KL,YGL.KL,,,,,,,,,,,,
0089.KL,TEXCYCL.KL,,,,,,,,,,,,
0090.KL,ELSOFT.KL,,,,,,,,,,,,
0091.KL,PGB.KL,,,,,,,,,,,,
0092.KL,MTOUCHE.KL,,,,,,,,,,,,
0093.KL,SOLUTN.KL,,,,,,,,,,,,
0094.KL,ZENTECH.KL,,,,,,,,,,,,
0095.KL,MAG.KL,,,,,,,,,,,,
0096.KL,NEXGRAM.KL,,,,,,,,,,,,
0097.KL,VITROX.KL,,,,,,,,,,,,
0098.KL,AUMAS.KL,,,,,,,,,,,,
0099.KL,SCICOM.KL,,,,,,,,,,,,
0100.KL,ESCERAM.KL,,,,,,,,,,,,
0101.KL,TMCLIFE.KL,,,,,,,,,,,,
0102.KL,WAJA.KL,,,,,,,,,,,,
0103.KL,MNC.KL,,,,,,,,,,,,
0104.KL,GENETEC.KL,,,,,,,,,,,,
0105.KL,ASIAPLY.KL,,,,,,,,,,,,
0106.KL,OMAI.KL,,,,,,,,,,,,
0107.KL,EDUSPEC.KL,,,,,,,,,,,,
0108.KL,N2N.KL,,,,,,,,,,,,
0109.KL,SCBUILD.KL,,,,,,,,,,,,
0111.KL,K1.KL,,,,,,,,,,,,
0112.KL,MIKROMB.KL,,,,,,,,,,,,
0113.KL,MMSV.KL,,,,,,,,,,,,
0116.KL,FOCUS.KL,,,,,,,,,,,,
0117.KL,SMRT.KL,,,,,,,,,,,,
0118.KL,TRIVE.KL,,,,,,,,,,,,
0119.KL,APPASIA.KL,,,,,,,,,,,,
0120.KL,VIS.KL,,,,,,,,,,,,
0122.KL,AIM.KL,,,,,,,,,,,,
0123.KL,PRIVA.KL,,,,,,,,,,,,
0126.KL,MICROLN.KL,,,,,,,,,,,,
0127.KL,JHM.KL,,,,,,,,,,,,
0128.KL,FRONTKN.KL,,,,,,,,,,,,
0129.KL,SRIDGE.KL,,,,,,,,,,,,
0131.KL,DFX.KL,,,,,,,,,,,,
0132.KL,TDEX.KL,,,,,,,,,,,,
0133.KL,SANICHI.KL,,,,,,,,,,,,
0136.KL,GREENYB.KL,,,,,,,,,,,,
0138.KL,ZETRIX.KL,,,,,,,,,,,,
0140.KL,XOXNET.KL,,,,,,,,,,,,
0143.KL,KEYASIC.KL,,,,,,,,,,,,
0145.KL,TFP.KL,,,,,,,,,,,,
0146.KL,JFTECH.KL,,,,,,,,,,,,
0147.KL,INNITY.KL,,,,,,,,,,,,
0148.KL,SUNZEN.KL,,,,,,,,,,,,
0149.KL,FIBON.KL,,,,,,,,,,,,
0150.KL,FINTEC.KL,,,,,,,,,,,,
0151.KL,KGB.KL,,,,,,,,,,,,
0152.KL,DGB.KL,,,,,,,,,,,,
0153.KL,OVERSEA.KL,,,,,,,,,,,,
0154.KL,EAH.KL,,,,,,,,,,,,
0155.KL,MGRC.KL,,,,,,,,,,,,
0156.KL,MPAY.KL,,,,,,,,,,,,
0157.KL,FOCUSP.KL,,,,,,,,,,,,
0158.KL,SCC.KL,,,,,,,,,,,,
0159.KL,MMM.KL,,,,,,,,,,,,
0160.KL,HHHCORP.KL,,,,,,,,,,,,
0161.KL,HEXIND.KL,,,,,,,,,,,,
0162.KL,WIDAD.KL,,,,,,,,,,,,
0163.KL,CAREPLS.KL,,,,,,,,,,,,
0165.KL,XOX.KL,,,,,,,,,,,,
0166.KL,INARI.KL,,,,,,,,,,,,
0167.KL,MCLEAN.KL,,,,,,,,,,,,
0168.KL,BMGREEN.KL,,,,,,,,,,,,
0169.KL,SMTRACK.KL,,,,,,,,,,,,
0170.KL,KANGER.KL,,,,,,,,,,,,
0171.KL,PLABS.KL,,,,,,,,,,,,
0172.KL,OCK.KL,,,,,,,,,,,,
0173.KL,CATCHA.KL,,,,,,,,,,,,
0174.KL,EVD.KL,,,,,,,,,,,,
0175.KL,HHRG.KL,,,,,,,,,,,,
0176.KL,KRONO.KL,,,,,,,,,,,,
0177.KL,MIDTOWN.KL,,,,,,,,,,,,
0178.KL,SEDANIA.KL,,,,,,,,,,,,
0179.KL,BIOHLDG.KL,,,,,,,,,,,,
0180.KL,KTC.KL,,,,,,,,,,,,
0181.KL,AEMULUS.KL,,,,,,,,,,,,
0182.KL,LKL.KL,,,,,,,,,,,,
0183.KL,SALUTE.KL,,,,,,,,,,,,
0185.KL,HSSEB.KL,,,,,,,,,,,,
0186.KL,PTRANS.KL,,,,,,,,,,,,
0187.KL,BCMALL.KL,,,,,,,,,,,,
0188.KL,HLT.KL,,,,,,,,,,,,
0189.KL,MATANG.KL,,,,,,,,,,,,
0190.KL,ESAFE.KL,,,,,,,,,,,,
0191.KL,CABNET.KL,,,,,,,,,,,,
0192.KL,INTA.KL,,,,,,,,,,,,
0193.KL,KINERGY.KL,,,,,,,,,,,,
0195.KL,BINACOM.KL,,,,,,,,,,,,
0196.KL,QES.KL,,,,,,,,,,,,
0197.KL,WEGMANS.KL,,,,,,,,,,,,
0198.KL,GDB.KL,,,,,,,,,,,,
0199.KL,TRIMODE.KL,,,,,,,,,,,,
0200.KL,REVENUE.KL,,,,,,,,,,,,
0201.KL,NOVA.KL,,,,,,,,,,,,
0202.KL,RGTECH.KL,,,,,,,,,,,,
0203.KL,SMETRIC.KL,,,,,,,,,,,,
0205.KL,DPIH.KL,,,,,,,,,,,,
0206.KL,NADIBHD.KL,,,,,,,,,,,,
0207.KL,MESTRON.KL,,,,,,,,,,,,
0208.KL,GREATEC.KL,,,,,,,,,,,,
0209.KL,AIMFLEX.KL,,,,,,,,,,,,
0210.KL,KHJB.KL,,,,,,,,,,,,
0211.KL,TASHIN.KL,,,,,,,,,,,,
0212.KL,SDS.KL,,,,,,,,,,,,
0213.KL,MTAG.KL,,,,,,,,,,,,
0215.KL,SLVEST.KL,,,,,,,,,,,,
0216.KL,SPRING.KL,,,,,,,,,,,,
0217.KL,PWRWELL.KL,,,,,,,,,,,,
0218.KL,ACO.KL,,,,,,,,,,,,
0219.KL,RL.KL,,,,,,,,,,,,
0220.KL,OVH.KL,,,,,,,,,,,,
0221.KL,TCS.KL,,,,,,,,,,,,
0222.KL,OPTIMAX.KL,,,,,,,,,,,,
0223.KL,SAMAIDEN.KL,,,,,,,,,,,,
0225.KL,SCGBHD.KL,,,,,,,,,,,,
0226.KL,ANEKA.KL,,,,,,,,,,,,
0227.KL,EFRAME.KL,,,,,,,,,,,,
0228.KL,HPPHB.KL,,,,,,,,,,,,
0229.KL,MOBILIA.KL,,,,,,,,,,,,
0230.KL,TELADAN.KL,,,,,,,,,,,,
0231.KL,FLEXI.KL,,,,,,,,,,,,
0232.KL,VOLCANO.KL,,,,,,,,,,,,
0233.KL,PEKAT.KL,,,,,,,,,,,,
0235.KL,NESTCON.KL,,,,,,,,,,,,
0236.KL,RAMSSOL.KL,,,,,,,,,,,,
0237.KL,HAILY.KL,,,,,,,,,,,,
0238.KL,CEKD.KL,,,,,,,,,,,,
0239.KL,ECOMATE.KL,,,,,,,,,,,,
0240.KL,CORAZA.KL,,,,,,,,,,,,
0241.KL,TAGHILL.KL,,,,,,,,,,,,
0242.KL,PPJACK.KL,,,,,,,,,,,,
0243.KL,CENGILD.KL,,,,,,,,,,,,
0245.KL,MNHLDG.KL,,,,,,,,,,,,
0246.KL,CNERGEN.KL,,,,,,,,,,,,
0247.KL,UNITRAD.KL,,,,,,,,,,,,
0248.KL,YEWLEE.KL,,,,,,,,,,,,
0249.KL,LGMS.KL,,,,,,,,,,,,
0250.KL,YXPM.KL,,,,,,,,,,,,
0251.KL,SFPTECH.KL,,,,,,,,,,,,
0252.KL,ORGABIO.KL,,,,,,,,,,,,
0253.KL,INFOTEC.KL,,,,,,,,,,,,
0255.KL,EIB.KL,,,,,,,,,,,,
0256.KL,UMC.KL,,,,,,,,,,,,
0257.KL,UNIQUE.KL,,,,,,,,,,,,
0258.KL,AGMO.KL,,,,,,,,,,,,
0259.KL,SNS.KL,,,,,,,,,,,,
0260.KL,PTRB.KL,,,,,,,,,,,,
0261.KL,COSMOS.KL,,,,,,,,,,,,
0262.KL,SUNVIEW.KL,,,,,,,,,,,,
0263.KL,BETA.KL,,,,,,,,,,,,
0265.KL,INFOM.KL,,,,,,,,,,,,
0266.KL,LEFORM.KL,,,,,,,,,,,,
0267.KL,ECA.KL,,,,,,,,,,,,
0268.KL,L&PBHD.KL,,,,,,,,,,,,
0269.KL,DSS.KL,,,,,,,,,,,,
0270.KL,NATGATE.KL,,,,,,,,,,,,
0271.KL,WELLS.KL,,,,,,,,,,,,
0272.KL,TTVHB.KL,,,,,,,,,,,,
0273.KL,VLB.KL,,,,,,,,,,,,
0275.KL,OPPSTAR.KL,,,,,,,,,,,,
0276.KL,ADB.KL,,,,,,,,,,,,
0277.KL,CLOUDPT.KL,,,,,,,,,,,,
0278.KL,EDELTEQ.KL,,,,,,,,,,,,
0279.KL,SYNERGY.KL,,,,,,,,,,,,
0280.KL,MBN.KL,,,,,,,,,,,,
0281.KL,DAY3.KL,,,,,,,,,,,,
0282.KL,KGW.KL,,,,,,,,,,,,
0283.KL,DCHCARE.KL,,,,,,,,,,,,
0284.KL,GLXT.KL,,,,,,,,,,,,
0285.KL,MERSEC.KL,,,,,,,,,,,,
0286.KL,EMCC.KL,,,,,,,,,,,,
0287.KL,SSF.KL,,,,,,,,,,,,
0288.KL,MINOX.KL,,,,,,,,,,,,
0289.KL,PLYTEC.KL,,,,,,,,,,,,
0290.KL,PANDA.KL,,,,,,,,,,,,
0291.KL,CHB.KL,,,,,,,,,,,,
0292.KL,JTGROUP.KL,,,,,,,,,,,,
0293.KL,KJTS.KL,,,,,,,,,,,,
0295.KL,MTEC.KL,,,,,,,,,,,,
0296.KL,HEGROUP.KL,,,,,,,,,,,,
0297.KL,TSA.KL,,,,,,,,,,,,
0298.KL,WENTEL.KL,,,,,,,,,,,,
0299.KL,AGX.KL,,,,,,,,,,,,
0300.KL,SBH.KL,,,,,,,,,,,,
0301.KL,ZANTAT.KL,,,,,,,,,,,,
0302.KL,TOPMIX.KL,,,,,,,,,,,,
0303.KL,ALPHA.KL,,,,,,,,,,,,
0304.KL,FPHB.KL,,,,,,,,,,,,
0305.KL,SINKUNG.KL,,,,,,,,,,,,
0306.KL,SMART.KL,,,,,,,,,,,,
0307.KL,KENERGY.KL,,,,,,,,,,,,
0308.KL,KTI.KL,,,,,,,,,,,,
0309.KL,AGRICOR.KL,,,,,,,,,,,,
0310.KL,UUE.KL,,,,,,,,,,,,
0311.KL,GOHUB.KL,,,,,,,,,,,,
0312.KL,OFB.KL,,,,,,,,,,,,
0313.KL,BWYS.KL,,,,,,,,,,,,
0315.KL,KUCINGKO.KL,,,,,,,,,,,,
0316.KL,SCB.KL,,,,,,,,,,,,
0317.KL,EPB.KL,,,,,,,,,,,,
0318.KL,ELRIDGE.KL,,,,,,,,,,,,
0319.KL,VTC.KL,,,,,,,,,,,,
0320.KL,HAWK.KL,,,,,,,,,,,,
0321.KL,SDCG.KL,,,,,,,,,,,,
0322.KL,KHB.KL,,,,,,,,,,,,
0323.KL,CREST.KL,,,,,,,,,,,,
0325.KL,NE.KL,,,,,,,,,,,,
0326.KL,SORENTO.KL,,,,,,,,,,,,
0327.KL,OBHB.KL,,,,,,,,,,,,
0328.KL,3REN.KL,,,,,,,,,,,,
0329.KL,METRO.KL,,,,,,,,,,,,
0330.KL,SUPREME.KL,,,,,,,,,,,,
0331.KL,CRPMATE.KL,,,,,,,,,,,,
0332.KL,TOPVISN.KL,,,,,,,,,,,,
0333.KL,VANZO.KL,,,,,,,,,,,,
0335.KL,CARLORINO.KL,,,,,,,,,,,,
0336.KL,WINSTAR.KL,,,,,,,,,,,,
0337.KL,SET.KL,,,,,,,,,,,,
0338.KL,KOPI.KL,,,,,,,,,,,,
0339.KL,CBHB.KL,,,,,,,,,,,,
0340.KL,NORTHERN.KL,,,,,,,,,,,,
0341.KL,COLFORM.KL,,,,,,,,,,,,
0342.KL,RTECH.KL,,,,,,,,,,,,
0343.KL,TECHSTORE.KL,,,,,,,,,,,,
0345.KL,SUNLOGY.KL,,,,,,,,,,,,
0346.KL,SALIRAN.KL,,,,,,,,,,,,
0347.KL,DENGKIL.KL,,,,,,,,,,,,
0348.KL,CLITE.KL,,,,,,,,,,,,
0349.KL,SUMI.KL,,,,,,,,,,,,
0350.KL,MSB.KL,,,,,,,,,,,,
0351.KL,LSH.KL,,,,,,,,,,,,
0352.KL,WTEC.KL,,,,,,,,,,,,
0353.KL,WESTRVR.KL,,,,,,,,,,,,
0355.KL,FIBRO.KL,,,,,,,,,,,,
0356.KL,PEOPLE.KL,,,,,,,,,,,,
0357.KL,OHM.KL,,,,,,,,,,,,
0358.KL,ICTZONE.KL,,,,,,,,,,,,
0359.KL,HKB.KL,,,,,,,,,,,,
0360.KL,SAG.KL,,,,,,,,,,,,
0361.KL,PMIBHD.KL,,,,,,,,,,,,
0362.KL,ASM.KL,,,,,,,,,,,,
0363.KL,PMCK.KL,,,,,,,,,,,,
0365.KL,A1AKK.KL,,,,,,,,,,,,
0366.KL,ICENTS.KL,,,,,,,,,,,,
0367.KL,ENPRO.KL,,,,,,,,,,,,
0368.KL,OXB.KL,,,,,,,,,,,,
0369.KL,JSSOLAR.KL,,,,,,,,,,,,
0370.KL,XPB.KL,,,,,,,,,,,,
0371.KL,CAMAROE.KL,,,,,,,,,,,,
0372.KL,CHEEDING.KL,,,,,,,,,,,,
0373.KL,VERDANT.KL,,,,,,,,,,,,
0375.KL,THMY.KL,,,,,,,,,,,,
0376.KL,IAB.KL,,,,,,,,,,,,
0377.KL,POWER.KL,,,,,,,,,,,,
0378.KL,FAMIERA.KL,,,,,,,,,,,,
0379.KL,PMW.KL,,,,,,,,,,,,
0380.KL,AQUAWALK.KL,,,,,,,,,,,,
0381.KL,POLYMER.KL,,,,,,,,,,,,
0382.KL,FOODIE.KL,,,,,,,,,,,,
0383.KL,PSP.KL,,,,,,,,,,,,
0385.KL,BMS.KL,,,,,,,,,,,,
0386.KL,SBS.KL,,,,,,,,,,,,
0387.KL,GHS.KL,,,,,,,,,,,,
0388.KL,SEMICO.KL,,,,,,,,,,,,
0389.KL,OGM.KL,,,,,,,,,,,,
0390.KL,ISF.KL,,,,,,,,,,,,
0391.KL,AMBEST.KL,,,,,,,,,,,,
0392.KL,KEEMING.KL,,,,,,,,,,,,
0393.KL,TEAMSTR.KL,,,,,,,,,,,,
0395.KL,OGX.KL,,,,,,,,,,,,
0396.KL,ADNEX.KL,,,,,,,,,,,,
0397.KL,5ER.KL,,,,,,,,,,,,
0398.KL,GDGROUP.KL,,,,,,,,,,,,
0399.KL,AMS.KL,,,,,,,,,,,,
0450.KL,MFGROUP.KL,,,,,,,,,,,,
0451.KL,INSPACE.KL,,,,,,,,,,,,
0452.KL,GOLDLI.KL,,,,,,,,,,,,
0453.KL,EIPOWER.KL,,,,,,,,,,,,
0455.KL,BUSCAP.KL,,,,,,,,,,,,
0456.KL,MMCS.KL,,,,,,,,,,,,
0457.KL,PENTECH.KL,,,,,,,,,,,,
0458.KL,ELSA.KL,,,,,,,,,,,,
0459.KL,SUM.KL,,,,,,,,,,,,
0460.KL,HSSBAKERY.KL,,,,,,,,,,,,
0461.KL,RT.KL,,,,,,,,,,,,
1015.KL,AMBANK.KL,,,,,,,,,,,,
1023.KL,CIMB.KL,,,,,,,,,,,,
1058.KL,MANULFE.KL,,,,,,,,,,,,
1066.KL,RHBBANK.KL,,,,,,,,,,,,
1082.KL,HLFG.KL,,,,,,,,,,,,
1147.KL,GOB.KL,,,,,,,,,,,,
1155.KL,MAYBANK.KL,,,,,,,,,,,,
1163.KL,ALLIANZ.KL,,,,,,,,,,,,
1171.KL,MBSB.KL,,,,,,,,,,,,
1198.KL,MAA.KL,,,,,,,,,,,,
1287.KL,EXSIMHB.KL,,,,,,,,,,,,
1295.KL,PBBANK.KL,,,,,,,,,,,,
1368.KL,EDGENTA.KL,,,,,,,,,,,,
1481.KL,ASB.KL,,,,,,,,,,,,
1503.KL,GUOCO.KL,,,,,,,,,,,,
1538.KL,SYMLIFE.KL,,,,,,,,,,,,
1562.KL,SPTOTO.KL,,,,,,,,,,,,
1589.KL,IWCITY.KL,,,,,,,,,,,,
1619.KL,DRBHCOM.KL,,,,,,,,,,,,
1643.KL,LANDMRK.KL,,,,,,,,,,,,
1651.KL,MRCB.KL,,,,,,,,,,,,
1694.KL,MENANG.KL,,,,,,,,,,,,
1724.KL,PARAMON.KL,,,,,,,,,,,,
1818.KL,BURSA.KL,,,,,,,,,,,,
1899.KL,BKAWAN.KL,,,,,,,,,,,,
1929.KL,CHINTEK.KL,,,,,,,,,,,,
1961.KL,IOICORP.KL,,,,,,,,,,,,
1996.KL,KRETAM.KL,,,,,,,,,,,,
2038.KL,NSOP.KL,,,,,,,,,,,,
2054.KL,TDM.KL,,,,,,,,,,,,
2062.KL,HARBOUR.KL,,,,,,,,,,,,
2089.KL,UTDPLT.KL,,,,,,,,,,,,
2097.KL,MBRIGHT.KL,,,,,,,,,,,,
2127.KL,COMFORT.KL,,,,,,,,,,,,
2135.KL,GOPENG.KL,,,,,,,,,,,,
2143.KL,ECM.KL,,,,,,,,,,,,
2224.KL,SDRED.KL,,,,,,,,,,,,
2259.KL,TALAMT.KL,,,,,,,,,,,,
2283.KL,ZELAN.KL,,,,,,,,,,,,
2291.KL,GENP.KL,,,,,,,,,,,,
2305.KL,AYER.KL,,,,,,,,,,,,
2429.KL,TANCO.KL,,,,,,,,,,,,
2445.KL,KLK.KL,,,,,,,,,,,,
2453.KL,KLUANG.KL,,,,,,,,,,,,
2488.KL,ABMB.KL,,,,,,,,,,,,
2542.KL,RVIEW.KL,,,,,,,,,,,,
2569.KL,SBAGAN.KL,,,,,,,,,,,,
2593.KL,UMCCA.KL,,,,,,,,,,,,
2607.KL,INCKEN.KL,,,,,,,,,,,,
2658.KL,AJI.KL,,,,,,,,,,,,
2674.KL,ALCOM.KL,,,,,,,,,,,,
2682.KL,PARKWD.KL,,,,,,,,,,,,
2739.KL,TECHNAX.KL,,,,,,,,,,,,
2755.KL,FCW.KL,,,,,,,,,,,,
2828.KL,CIHLDG.KL,,,,,,,,,,,,
2836.KL,CARLSBG.KL,,,,,,,,,,,,
2852.KL,CMSB.KL,,,,,,,,,,,,
2984.KL,FACBIND.KL,,,,,,,,,,,,
3018.KL,OLYMPIA.KL,,,,,,,,,,,,
3026.KL,DLADY.KL,,,,,,,,,,,,
3034.KL,HAPSENG.KL,,,,,,,,,,,,
3042.KL,PETRONM.KL,,,,,,,,,,,,
3069.KL,MFCB.KL,,,,,,,,,,,,
3107.KL,FIMACOR.KL,,,,,,,,,,,,
3158.KL,YNHPROP.KL,,,,,,,,,,,,
3174.KL,L&G.KL,,,,,,,,,,,,
3182.KL,GENTING.KL,,,,,,,,,,,,
3204.KL,GKENT.KL,,,,,,,,,,,,
3239.KL,BJASSET.KL,,,,,,,,,,,,
3247.KL,GUH.KL,,,,,,,,,,,,
3255.KL,HEIM.KL,,,,,,,,,,,,
3298.KL,HEXZA.KL,,,,,,,,,,,,
3301.KL,HLIND.KL,,,,,,,,,,,,
3336.KL,IJM.KL,,,,,,,,,,,,
3379.KL,INSAS.KL,,,,,,,,,,,,
3395.KL,BJCORP.KL,,,,,,,,,,,,
3417.KL,E&O.KL,,,,,,,,,,,,
3441.KL,JOHAN.KL,,,,,,,,,,,,
3476.KL,KSENG.KL,,,,,,,,,,,,
3514.KL,MARCO.KL,,,,,,,,,,,,
3557.KL,ECOFIRS.KL,,,,,,,,,,,,
3565.KL,WCEHB.KL,,,,,,,,,,,,
3573.KL,LIENHOE.KL,,,,,,,,,,,,
3611.KL,PGLOBE.KL,,,,,,,,,,,,
3662.KL,MFLOUR.KL,,,,,,,,,,,,
3689.KL,F&N.KL,,,,,,,,,,,,
3719.KL,PANAMY.KL,,,,,,,,,,,,
3743.KL,SUNSURIA.KL,,,,,,,,,,,,
3778.KL,MELEWAR.KL,,,,,,,,,,,,
3794.KL,MCEMENT.KL,,,,,,,,,,,,
3816.KL,MISC.KL,,,,,,,,,,,,
3859.KL,MAGNUM.KL,,,,,,,,,,,,
3867.KL,MPI.KL,,,,,,,,,,,,
3883.KL,MUDA.KL,,,,,,,,,,,,
3891.KL,MUIIND.KL,,,,,,,,,,,,
3905.KL,MULPHA.KL,,,,,,,,,,,,
3913.KL,MUIPROP.KL,,,,,,,,,,,,
3948.KL,DUTALND.KL,,,,,,,,,,,,
4006.KL,ORIENT.KL,,,,,,,,,,,,
4022.KL,MAXIM.KL,,,,,,,,,,,,
4057.KL,ASIAPAC.KL,,,,,,,,,,,,
4065.KL,PPB.KL,,,,,,,,,,,,
4081.KL,PMCORP.KL,,,,,,,,,,,,
4162.KL,BAT.KL,,,,,,,,,,,,
4197.KL,SIME.KL,,,,,,,,,,,,
4219.KL,BPROP.KL,,,,,,,,,,,,
4235.KL,LIONIND.KL,,,,,,,,,,,,
4243.KL,WTK.KL,,,,,,,,,,,,
4251.KL,IBHD.KL,,,,,,,,,,,,
4286.KL,SEAL.KL,,,,,,,,,,,,
4316.KL,SHCHAN.KL,,,,,,,,,,,,
4324.KL,HENGYUAN.KL,,,,,,,,,,,,
4359.KL,TURIYA.KL,,,,,,,,,,,,
4375.KL,SMI.KL,,,,,,,,,,,,
4383.KL,JTIASA.KL,,,,,,,,,,,,
4405.KL,TCHONG.KL,,,,,,,,,,,,
4456.KL,DNEX.KL,,,,,,,,,,,,
4464.KL,PHB.KL,,,,,,,,,,,,
4502.KL,MEDIA.KL,,,,,,,,,,,,
4596.KL,SAPRES.KL,,,,,,,,,,,,
4634.KL,POS.KL,,,,,,,,,,,,
4677.KL,YTL.KL,,,,,,,,,,,,
4707.KL,NESTLE.KL,,,,,,,,,,,,
4715.KL,GENM.KL,,,,,,,,,,,,
4723.KL,JAKS.KL,,,,,,,,,,,,
4731.KL,SCIENTX.KL,,,,,,,,,,,,
4758.KL,ANCOMNY.KL,,,,,,,,,,,,
4847.KL,EPICON.KL,,,,,,,,,,,,
4863.KL,TM.KL,,,,,,,,,,,,
4995.KL,VERSATL.KL,,,,,,,,,,,,
5000.KL,HUMEIND.KL,,,,,,,,,,,,
5001.KL,MIECO.KL,,,,,,,,,,,,
5005.KL,UNISEM.KL,,,,,,,,,,,,
5006.KL,VARIA.KL,,,,,,,,,,,,
5007.KL,CHINWEL.KL,,,,,,,,,,,,
5008.KL,HARISON.KL,,,,,,,,,,,,
5009.KL,WTHORSE.KL,,,,,,,,,,,,
5010.KL,TONGHER.KL,,,,,,,,,,,,
5011.KL,MSNIAGA.KL,,,,,,,,,,,,
5012.KL,TAANN.KL,,,,,,,,,,,,
5015.KL,APM.KL,,,,,,,,,,,,
5016.KL,WARISAN.KL,,,,,,,,,,,,
5020.KL,GLOMAC.KL,,,,,,,,,,,,
5021.KL,AYS.KL,,,,,,,,,,,,
5022.KL,PAOS.KL,,,,,,,,,,,,
5024.KL,HUPSENG.KL,,,,,,,,,,,,
5025.KL,AURO.KL,,,,,,,,,,,,
5026.KL,MHC.KL,,,,,,,,,,,,
5027.KL,KMLOONG.KL,,,,,,,,,,,,
5028.KL,HTPADU.KL,,,,,,,,,,,,
5029.KL,FAREAST.KL,,,,,,,,,,,,
5031.KL,TIMECOM.KL,,,,,,,,,,,,
5032.KL,BIPORT.KL,,,,,,,,,,,,
5035.KL,KNUSFOR.KL,,,,,,,,,,,,
5036.KL,EDARAN.KL,,,,,,,,,,,,
5037.KL,COMPUGT.KL,,,,,,,,,,,,
5038.KL,KSL.KL,,,,,,,,,,,,
5040.KL,MERIDIAN.KL,,,,,,,,,,,,
5041.KL,PBA.KL,,,,,,,,,,,,
5042.KL,TSRCAP.KL,,,,,,,,,,,,
5048.KL,YB.KL,,,,,,,,,,,,
5049.KL,CVIEW.KL,,,,,,,,,,,,
5053.KL,OSK.KL,,,,,,,,,,,,
5054.KL,TRC.KL,,,,,,,,,,,,
5056.KL,ENGTEX.KL,,,,,,,,,,,,
5062.KL,HUAYANG.KL,,,,,,,,,,,,
5065.KL,ORNA.KL,,,,,,,,,,,,
5066.KL,NTPM.KL,,,,,,,,,,,,
5068.KL,LUSTER.KL,,,,,,,,,,,,
5069.KL,BLDPLNT.KL,,,,,,,,,,,,
5070.KL,PRTASCO.KL,,,,,,,,,,,,
5071.KL,COASTAL.KL,,,,,,,,,,,,
5072.KL,HIAPTEK.KL,,,,,,,,,,,,
5073.KL,NAIM.KL,,,,,,,,,,,,
5075.KL,PLENITU.KL,,,,,,,,,,,,
5077.KL,MAYBULK.KL,,,,,,,,,,,,
5078.KL,M&G.KL,,,,,,,,,,,,
5079.KL,ONEGLOVE.KL,,,,,,,,,,,,
5080.KL,POHKONG.KL,,,,,,,,,,,,
5081.KL,EIG.KL,,,,,,,,,,,,
5084.KL,IBRACO.KL,,,,,,,,,,,,
5085.KL,MUDAJYA.KL,,,,,,,,,,,,
5087.KL,MYCRON.KL,,,,,,,,,,,,
5088.KL,APEX.KL,,,,,,,,,,,,
5090.KL,MEDIAC.KL,,,,,,,,,,,,
5094.KL,CSCSTEL.KL,,,,,,,,,,,,
5095.KL,HEVEA.KL,,,,,,,,,,,,
5098.KL,MASTEEL.KL,,,,,,,,,,,,
5099.KL,CAPITALA.KL,,,,,,,,,,,,
5100.KL,BPPLAS.KL,,,,,,,,,,,,
5101.KL,EVERGRN.KL,,,,,,,,,,,,
5102.KL,GCB.KL,,,,,,,,,,,,
5104.KL,CNH.KL,,,,,,,,,,,,
5105.KL,CANONE.KL,,,,,,,,,,,,
5106.KL,AXREIT.KL,,,,,,,,,,,,
5107.KL,IQGROUP.KL,,,,,,,,,,,,
5108.KL,ICAP.KL,,,,,,,,,,,,
5109.KL,YTLREIT.KL,,,,,,,,,,,,
5110.KL,UOAREIT.KL,,,,,,,,,,,,
5111.KL,TWRREIT.KL,,,,,,,,,,,,
5112.KL,THPLANT.KL,,,,,,,,,,,,
5113.KL,RSAWIT.KL,,,,,,,,,,,,
5115.KL,ALAM.KL,,,,,,,,,,,,
5116.KL,ALAQAR.KL,,,,,,,,,,,,
5120.KL,AMFIRST.KL,,,,,,,,,,,,
5121.KL,HEKTAR.KL,,,,,,,,,,,,
5123.KL,SENTRAL.KL,,,,,,,,,,,,
5125.KL,PANTECH.KL,,,,,,,,,,,,
5126.KL,SOP.KL,,,,,,,,,,,,
5127.KL,ARREIT.KL,,,,,,,,,,,,
5129.KL,MELATI.KL,,,,,,,,,,,,
5130.KL,ATRIUM.KL,,,,,,,,,,,,
5131.KL,ZHULIAN.KL,,,,,,,,,,,,
5132.KL,DELEUM.KL,,,,,,,,,,,,
5133.KL,PENERGY.KL,,,,,,,,,,,,
5134.KL,SAB.KL,,,,,,,,,,,,
5135.KL,SWKPLNT.KL,,,,,,,,,,,,
5136.KL,HEXTECH.KL,,,,,,,,,,,,
5138.KL,HSPLANT.KL,,,,,,,,,,,,
5139.KL,AEONCR.KL,,,,,,,,,,,,
5140.KL,TASCO.KL,,,,,,,,,,,,
5141.KL,DAYANG.KL,,,,,,,,,,,,
5142.KL,WASCO.KL,,,,,,,,,,,,
5143.KL,LUXCHEM.KL,,,,,,,,,,,,
5145.KL,SEALINK.KL,,,,,,,,,,,,
5147.KL,SAMCHEM.KL,,,,,,,,,,,,
5148.KL,UEMS.KL,,,,,,,,,,,,
5149.KL,TAS.KL,,,,,,,,,,,,
5151.KL,HEXTAR.KL,,,,,,,,,,,,
5152.KL,MBL.KL,,,,,,,,,,,,
5156.KL,XDL.KL,,,,,,,,,,,,
5157.KL,SG.KL,,,,,,,,,,,,
5159.KL,YOCB.KL,,,,,,,,,,,,
5160.KL,HOMERIZ.KL,,,,,,,,,,,,
5161.KL,JCY.KL,,,,,,,,,,,,
5162.KL,VSTECS.KL,,,,,,,,,,,,
5163.KL,SEB.KL,,,,,,,,,,,,
5165.KL,DFCITY.KL,,,,,,,,,,,,
5166.KL,CYBERE.KL,,,,,,,,,,,,
5167.KL,TURBO.KL,,,,,,,,,,,,
5168.KL,HARTA.KL,,,,,,,,,,,,
5169.KL,HOHUP.KL,,,,,,,,,,,,
5171.KL,KIMLUN.KL,,,,,,,,,,,,
5172.KL,SINARAN.KL,,,,,,,,,,,,
5173.KL,SYGROUP.KL,,,,,,,,,,,,
5176.KL,SUNREIT.KL,,,,,,,,,,,,
5178.KL,INGENIEU.KL,,,,,,,,,,,,
5180.KL,CLMT.KL,,,,,,,,,,,,
5182.KL,AVALAND.KL,,,,,,,,,,,,
5183.KL,PCHEM.KL,,,,,,,,,,,,
5184.KL,CYPARK.KL,,,,,,,,,,,,
5185.KL,AFFIN.KL,,,,,,,,,,,,
5186.KL,MHB.KL,,,,,,,,,,,,
5187.KL,HBGLOB.KL,,,,,,,,,,,,
5188.KL,CNOUHUA.KL,,,,,,,,,,,,
5190.KL,BENALEC.KL,,,,,,,,,,,,
5191.KL,TAMBUN.KL,,,,,,,,,,,,
5192.KL,ECEXCEL.KL,,,,,,,,,,,,
5195.KL,CENSOF.KL,,,,,,,,,,,,
5196.KL,BJFOOD.KL,,,,,,,,,,,,
5197.KL,FLBHD.KL,,,,,,,,,,,,
5198.KL,AFUJIYA.KL,,,,,,,,,,,,
5199.KL,HIBISCS.KL,,,,,,,,,,,,
5200.KL,UOADEV.KL,,,,,,,,,,,,
5202.KL,MSM.KL,,,,,,,,,,,,
5204.KL,AWANTEC.KL,,,,,,,,,,,,
5205.KL,SENDAI.KL,,,,,,,,,,,,
5207.KL,SBCCORP.KL,,,,,,,,,,,,
5208.KL,EITA.KL,,,,,,,,,,,,
5209.KL,GASMSIA.KL,,,,,,,,,,,,
5210.KL,ARMADA.KL,,,,,,,,,,,,
5211.KL,SUNWAY.KL,,,,,,,,,,,,
5212.KL,PAVREIT.KL,,,,,,,,,,,,
5216.KL,NEXG.KL,,,,,,,,,,,,
5218.KL,VANTNRG.KL,,,,,,,,,,,,
5219.KL,PESTEC.KL,,,,,,,,,,,,
5220.KL,GLOTEC.KL,,,,,,,,,,,,
5223.KL,MENTIGA.KL,,,,,,,,,,,,
5225.KL,IHH.KL,,,,,,,,,,,,
5226.KL,GBGAQRS.KL,,,,,,,,,,,,
5227.KL,IGBREIT.KL,,,,,,,,,,,,
5228.KL,ELKDESA.KL,,,,,,,,,,,,
5230.KL,TUNEPRO.KL,,,,,,,,,,,,
5231.KL,PBSB.KL,,,,,,,,,,,,
5232.KL,LEONFB.KL,,,,,,,,,,,,
5235SS.KL,KLCC.KL,,,,,,,,,,,,
5236.KL,MATRIX.KL,,,,,,,,,,,,
5238.KL,AAX.KL,,,,,,,,,,,,
5239.KL,TITIJYA.KL,,,,,,,,,,,,
5242.KL,SOLID.KL,,,,,,,,,,,,
5243.KL,VELESTO.KL,,,,,,,,,,,,
5246.KL,WPRTS.KL,,,,,,,,,,,,
5247.KL,KAREX.KL,,,,,,,,,,,,
5248.KL,BAUTO.KL,,,,,,,,,,,,
5249.KL,IOIPG.KL,,,,,,,,,,,,
5250.KL,SEM.KL,,,,,,,,,,,,
5252.KL,SASBADI.KL,,,,,,,,,,,,
5253.KL,ECONBHD.KL,,,,,,,,,,,,
5255.KL,LFG.KL,,,,,,,,,,,,
5257.KL,CARIMIN.KL,,,,,,,,,,,,
5258.KL,BIMB.KL,,,,,,,,,,,,
5259.KL,AVANGAAD.KL,,,,,,,,,,,,
5260.KL,OWG.KL,,,,,,,,,,,,
5263.KL,SUNCON.KL,,,,,,,,,,,,
5264.KL,MALAKOF.KL,,,,,,,,,,,,
5265.KL,OASIS.KL,,,,,,,,,,,,
5267.KL,XINHWA.KL,,,,,,,,,,,,
5269.KL,ALSREIT.KL,,,,,,,,,,,,
5271.KL,PECCA.KL,,,,,,,,,,,,
5272.KL,RANHILL.KL,,,,,,,,,,,,
5273.KL,CHINHIN.KL,,,,,,,,,,,,
5274.KL,HLCAP.KL,,,,,,,,,,,,
5275.KL,MYNEWS.KL,,,,,,,,,,,,
5276.KL,DANCO.KL,,,,,,,,,,,,
5277.KL,FPGROUP.KL,,,,,,,,,,,,
5278.KL,RHONEMA.KL,,,,,,,,,,,,
5280.KL,KIPREIT.KL,,,,,,,,,,,,
5281.KL,ADVCON.KL,,,,,,,,,,,,
5283.KL,EWICAP.KL,,,,,,,,,,,,
5284.KL,LCTITAN.KL,,,,,,,,,,,,
5285.KL,SDG.KL,,,,,,,,,,,,
5286.KL,MI.KL,,,,,,,,,,,,
5288.KL,SIMEPROP.KL,,,,,,,,,,,,
5289.KL,TECHBND.KL,,,,,,,,,,,,
5291.KL,HPMT.KL,,,,,,,,,,,,
5292.KL,UWC.KL,,,,,,,,,,,,
5293.KL,AME.KL,,,,,,,,,,,,
5295.KL,INNATURE.KL,,,,,,,,,,,,
5296.KL,MRDIY.KL,,,,,,,,,,,,
5297.KL,TJSETIA.KL,,,,,,,,,,,,
5298.KL,OMH.KL,,,,,,,,,,,,
5299.KL,IGBCR.KL,,,,,,,,,,,,
5300.KL,YENHER.KL,,,,,,,,,,,,
5301.KL,CTOS.KL,,,,,,,,,,,,
5302.KL,ATECH.KL,,,,,,,,,,,,
5303.KL,SWIFT.KL,,,,,,,,,,,,
5305.KL,SENHENG.KL,,,,,,,,,,,,
5306.KL,FFB.KL,,,,,,,,,,,,
5307.KL,AMEREIT.KL,,,,,,,,,,,,
5308.KL,SENFONG.KL,,,,,,,,,,,,
5309.KL,ITMAX.KL,,,,,,,,,,,,
5310.KL,KITACON.KL,,,,,,,,,,,,
5311.KL,CEB.KL,,,,,,,,,,,,
5313.KL,RADIUM.KL,,,,,,,,,,,,
5315.KL,SKYWLD.KL,,,,,,,,,,,,
5316.KL,MSTGOLF.KL,,,,,,,,,,,,
5317.KL,CPETECH.KL,,,,,,,,,,,,
5318.KL,DXN.KL,,,,,,,,,,,,
5319.KL,MKHOP.KL,,,,,,,,,,,,
5320.KL,PLINTAS.KL,,,,,,,,,,,,
5321.KL,KEYFIELD.KL,,,,,,,,,,,,
5322.KL,FEYTECH.KL,,,,,,,,,,,,
5323.KL,JPG.KL,,,,,,,,,,,,
5325.KL,WELLCHIP.KL,,,,,,,,,,,,
5326.KL,99SMART.KL,,,,,,,,,,,,
5327.KL,MEGAFB.KL,,,,,,,,,,,,
5328.KL,LWSABAH.KL,,,,,,,,,,,,
5329.KL,AZAMJAYA.KL,,,,,,,,,,,,
5330.KL,TMK.KL,,,,,,,,,,,,
5331.KL,PGLOBAL.KL,,,,,,,,,,,,
5332.KL,REACHTEN.KL,,,,,,,,,,,,
5335.KL,HI.KL,,,,,,,,,,,,
5336.KL,CKI.KL,,,,,,,,,,,,
5337.KL,ECOSHOP.KL,,,,,,,,,,,,
5338.KL,PARADIGM.KL,,,,,,,,,,,,
5340.KL,UMSINT.KL,,,,,,,,,,,,
5341.KL,LACMED.KL,,,,,,,,,,,,
5343.KL,GENERGY.KL,,,,,,,,,,,,
5345.KL,GEOHAN.KL,,,,,,,,,,,,
5346.KL,HOCKSOON.KL,,,,,,,,,,,,
5347.KL,TENAGA.KL,,,,,,,,,,,,
5348.KL,ORKIM.KL,,,,,,,,,,,,
5351.KL,EMPIRE.KL,,,,,,,,,,,,
5352.KL,MTTSL.KL,,,,,,,,,,,,
5357.KL,SKYECHIP.KL,,,,,,,,,,,,
5371.KL,KIMHIN.KL,,,,,,,,,,,,
5398.KL,GAMUDA.KL,,,,,,,,,,,,
5401.KL,TROP.KL,,,,,,,,,,,,
5436.KL,PERSTIM.KL,,,,,,,,,,,,
5517.KL,SHANG.KL,,,,,,,,,,,,
5533.KL,OCB.KL,,,,,,,,,,,,
5555.KL,SUNMED.KL,,,,,,,,,,,,
5568.KL,APB.KL,,,,,,,,,,,,
5576.KL,MINHO.KL,,,,,,,,,,,,
5592.KL,GCE.KL,,,,,,,,,,,,
5606.KL,IGBB.KL,,,,,,,,,,,,
5614.KL,NHB.KL,,,,,,,,,,,,
5622.KL,PEB.KL,,,,,,,,,,,,
5649.KL,GPHAROS.KL,,,,,,,,,,,,
5657.KL,PARKSON.KL,,,,,,,,,,,,
5665.KL,SSTEEL.KL,,,,,,,,,,,,
5673.KL,JSB.KL,,,,,,,,,,,,
5681.KL,PETDAG.KL,,,,,,,,,,,,
5703.KL,MUHIBAH.KL,,,,,,,,,,,,
5738.KL,CHHB.KL,,,,,,,,,,,,
5789.KL,LBS.KL,,,,,,,,,,,,
5797.KL,CHOOBEE.KL,,,,,,,,,,,,
5819.KL,HLBANK.KL,,,,,,,,,,,,
5827.KL,OIB.KL,,,,,,,,,,,,
5843.KL,KPS.KL,,,,,,,,,,,,
5878.KL,KPJ.KL,,,,,,,,,,,,
5908.KL,DKSH.KL,,,,,,,,,,,,
5916.KL,MSC.KL,,,,,,,,,,,,
5932.KL,BPURI.KL,,,,,,,,,,,,
5983.KL,MBMR.KL,,,,,,,,,,,,
6009.KL,P&O.KL,,,,,,,,,,,,
6012.KL,MAXIS.KL,,,,,,,,,,,,
6017.KL,SHL.KL,,,,,,,,,,,,
6033.KL,PETGAS.KL,,,,,,,,,,,,
6041.KL,FARLIM.KL,,,,,,,,,,,,
6068.KL,PCCS.KL,,,,,,,,,,,,
6076.KL,ENCORP.KL,,,,,,,,,,,,
6084.KL,STAR.KL,,,,,,,,,,,,
6114.KL,MKH.KL,,,,,,,,,,,,
6139.KL,TAKAFUL.KL,,,,,,,,,,,,
6149.KL,METROD.KL,,,,,,,,,,,,
6173.KL,BDB.KL,,,,,,,,,,,,
6181.KL,MALTON.KL,,,,,,,,,,,,
6203.KL,KHEESAN.KL,,,,,,,,,,,,
6211.KL,KIALIM.KL,,,,,,,,,,,,
6254.KL,PDZ.KL,,,,,,,,,,,,
6262.KL,INNO.KL,,,,,,,,,,,,
6297.KL,BOXPAK.KL,,,,,,,,,,,,
6351.KL,AMWAY.KL,,,,,,,,,,,,
6378.KL,BEDI.KL,,,,,,,,,,,,
6399.KL,ASTRO.KL,,,,,,,,,,,,
6432.KL,APOLLO.KL,,,,,,,,,,,,
6459.KL,MNRB.KL,,,,,,,,,,,,
6483.KL,KENANGA.KL,,,,,,,,,,,,
6491.KL,KFIMA.KL,,,,,,,,,,,,
6521.KL,SURIA.KL,,,,,,,,,,,,
6556.KL,ANNJOO.KL,,,,,,,,,,,,
6599.KL,AEON.KL,,,,,,,,,,,,
6602.KL,BCB.KL,,,,,,,,,,,,
6633.KL,LHI.KL,,,,,,,,,,,,
6637.KL,PNEPCB.KL,,,,,,,,,,,,
6718.KL,CRESNDO.KL,,,,,,,,,,,,
6742.KL,YTLPOWR.KL,,,,,,,,,,,,
6769.KL,JKGLAND.KL,,,,,,,,,,,,
6807.KL,PUNCAK.KL,,,,,,,,,,,,
6815.KL,EUPE.KL,,,,,,,,,,,,
6874.KL,JAGCPTL.KL,,,,,,,,,,,,
6888.KL,AXIATA.KL,,,,,,,,,,,,
6904.KL,SUBUR.KL,,,,,,,,,,,,
6912.KL,PASDEC.KL,,,,,,,,,,,,
6939.KL,FIAMMA.KL,,,,,,,,,,,,
6947.KL,CDB.KL,,,,,,,,,,,,
6963.KL,VS.KL,,,,,,,,,,,,
6971.KL,KOBAY.KL,,,,,,,,,,,,
6998.KL,BINTAI.KL,,,,,,,,,,,,
7003.KL,Y&G.KL,,,,,,,,,,,,
7004.KL,MCEHLDG.KL,,,,,,,,,,,,
7005.KL,BIG.KL,,,,,,,,,,,,
7006.KL,RKI.KL,,,,,,,,,,,,
7007.KL,ARK.KL,,,,,,,,,,,,
7010.KL,PTT.KL,,,,,,,,,,,,
7013.KL,HUBLINE.KL,,,,,,,,,,,,
7014.KL,YLI.KL,,,,,,,,,,,,
7016.KL,CHUAN.KL,,,,,,,,,,,,
7017.KL,KOMARK.KL,,,,,,,,,,,,
7018.KL,CME.KL,,,,,,,,,,,,
7020.KL,ASTEEL.KL,,,,,,,,,,,,
7022.KL,GTRONIC.KL,,,,,,,,,,,,
7025.KL,WOODLAN.KL,,,,,,,,,,,,
7028.KL,ZECON.KL,,,,,,,,,,,,
7029.KL,MASTER.KL,,,,,,,,,,,,
7031.KL,AMTEL.KL,,,,,,,,,,,,
7033.KL,HIGHTEC.KL,,,,,,,,,,,,
7034.KL,TGUAN.KL,,,,,,,,,,,,
7035.KL,CCK.KL,,,,,,,,,,,,
7036.KL,BORNOIL.KL,,,,,,,,,,,,
7043.KL,XIN.KL,,,,,,,,,,,,
7047.KL,FBG.KL,,,,,,,,,,,,
7048.KL,ATLAN.KL,,,,,,,,,,,,
7050.KL,WONG.KL,,,,,,,,,,,,
7052.KL,PADINI.KL,,,,,,,,,,,,
7053.KL,SEEHUP.KL,,,,,,,,,,,,
7054.KL,AASIA.KL,,,,,,,,,,,,
7055.KL,PLB.KL,,,,,,,,,,,,
7060.KL,NHFATT.KL,,,,,,,,,,,,
7062.KL,KHIND.KL,,,,,,,,,,,,
7066.KL,YONGTAI.KL,,,,,,,,,,,,
7070.KL,VIZIONE.KL,,,,,,,,,,,,
7071.KL,OCR.KL,,,,,,,,,,,,
7073.KL,SEACERA.KL,,,,,,,,,,,,
7076.KL,CBIP.KL,,,,,,,,,,,,
7077.KL,KPPROP.KL,,,,,,,,,,,,
7078.KL,AZRB.KL,,,,,,,,,,,,
7079.KL,TWL.KL,,,,,,,,,,,,
7080.KL,PERMAJU.KL,,,,,,,,,,,,
7081.KL,PHARMA.KL,,,,,,,,,,,,
7082.KL,M&A.KL,,,,,,,,,,,,
7083.KL,ANALABS.KL,,,,,,,,,,,,
7084.KL,QL.KL,,,,,,,,,,,,
7085.KL,LTKM.KL,,,,,,,,,,,,
7086.KL,ABLEGRP.KL,,,,,,,,,,,,
7087.KL,MAGNI.KL,,,,,,,,,,,,
7088.KL,POHUAT.KL,,,,,,,,,,,,
7089.KL,LIIHEN.KL,,,,,,,,,,,,
7091.KL,UNIMECH.KL,,,,,,,,,,,,
7094.KL,EUROSP.KL,,,,,,,,,,,,
7095.KL,PIE.KL,,,,,,,,,,,,
7096.KL,JOE.KL,,,,,,,,,,,,
7097.KL,TAWIN.KL,,,,,,,,,,,,
7099.KL,MAYU.KL,,,,,,,,,,,,
7100.KL,UCHITEC.KL,,,,,,,,,,,,
7103.KL,SPRITZER.KL,,,,,,,,,,,,
7105.KL,HCK.KL,,,,,,,,,,,,
7106.KL,SUPERMX.KL,,,,,,,,,,,,
7107.KL,OFI.KL,,,,,,,,,,,,
7108.KL,PERDANA.KL,,,,,,,,,,,,
7113.KL,TOPGLOV.KL,,,,,,,,,,,,
7114.KL,DNONCE.KL,,,,,,,,,,,,
7115.KL,SKBSHUT.KL,,,,,,,,,,,,
7117.KL,CJCEN.KL,,,,,,,,,,,,
7120.KL,AXTERIA.KL,,,,,,,,,,,,
7121.KL,XL.KL,,,,,,,,,,,,
7123.KL,MAXLAND.KL,,,,,,,,,,,,
7128.KL,CAMRES.KL,,,,,,,,,,,,
7129.KL,ASIAFLE.KL,,,,,,,,,,,,
7131.KL,ACME.KL,,,,,,,,,,,,
7132.KL,SMISCOR.KL,,,,,,,,,,,,
7133.KL,ULICORP.KL,,,,,,,,,,,,
7134.KL,PWF.KL,,,,,,,,,,,,
7137.KL,UMS.KL,,,,,,,,,,,,
7139.KL,NICE.KL,,,,,,,,,,,,
7140.KL,OKA.KL,,,,,,,,,,,,
7145.KL,TXCD.KL,,,,,,,,,,,,
7146.KL,AEM.KL,,,,,,,,,,,,
7148.KL,DPHARMA.KL,,,,,,,,,,,,
7149.KL,ENGKAH.KL,,,,,,,,,,,,
7152.KL,JAYCORP.KL,,,,,,,,,,,,
7153.KL,KOSSAN.KL,,,,,,,,,,,,
7154.KL,NEXGBINA.KL,,,,,,,,,,,,
7155.KL,SKPRES.KL,,,,,,,,,,,,
7157.KL,CYL.KL,,,,,,,,,,,,
7160.KL,PENTA.KL,,,,,,,,,,,,
7161.KL,KERJAYA.KL,,,,,,,,,,,,
7162.KL,ASTINO.KL,,,,,,,,,,,,
7163.KL,PJBUMI.KL,,,,,,,,,,,,
7165.KL,VELOCITY.KL,,,,,,,,,,,,
7167.KL,ABLEGLOB.KL,,,,,,,,,,,,
7168.KL,PRG.KL,,,,,,,,,,,,
7169.KL,DOMINAN.KL,,,,,,,,,,,,
7170.KL,LFECORP.KL,,,,,,,,,,,,
7172.KL,PMBTECH.KL,,,,,,,,,,,,
7173.KL,TOYOVEN.KL,,,,,,,,,,,,
7174.KL,CAB.KL,,,,,,,,,,,,
7176.KL,TPC.KL,,,,,,,,,,,,
7178.KL,YSPSAH.KL,,,,,,,,,,,,
7179.KL,LAGENDA.KL,,,,,,,,,,,,
7180.KL,SERNKOU.KL,,,,,,,,,,,,
7181.KL,ARBB.KL,,,,,,,,,,,,
7184.KL,G3.KL,,,,,,,,,,,,
7186.KL,SWSCAP.KL,,,,,,,,,,,,
7187.KL,CHGP.KL,,,,,,,,,,,,
7188.KL,BTM.KL,,,,,,,,,,,,
7191.KL,ADVENTA.KL,,,,,,,,,,,,
7192.KL,GIIB.KL,,,,,,,,,,,,
7195.KL,BNASTRA.KL,,,,,,,,,,,,
7197.KL,GESHEN.KL,,,,,,,,,,,,
7198.KL,DPS.KL,,,,,,,,,,,,
7199.KL,KEINHIN.KL,,,,,,,,,,,,
7200.KL,TEKSENG.KL,,,,,,,,,,,,
7201.KL,PICORP.KL,,,,,,,,,,,,
7202.KL,HEXRTL.KL,,,,,,,,,,,,
7203.KL,WANGZNG.KL,,,,,,,,,,,,
7204.KL,D&O.KL,,,,,,,,,,,,
7207.KL,SUCCESS.KL,,,,,,,,,,,,
7208.KL,EURO.KL,,,,,,,,,,,,
7209.KL,CHEETAH.KL,,,,,,,,,,,,
7210.KL,FM.KL,,,,,,,,,,,,
7211.KL,TAFI.KL,,,,,,,,,,,,
7212.KL,DESTINI.KL,,,,,,,,,,,,
7214.KL,ARANK.KL,,,,,,,,,,,,
7215.KL,NIHSIN.KL,,,,,,,,,,,,
7216.KL,KAWAN.KL,,,,,,,,,,,,
7217.KL,EMETALL.KL,,,,,,,,,,,,
7218.KL,ARKA.KL,,,,,,,,,,,,
7219.KL,AIZO.KL,,,,,,,,,,,,
7221.KL,BSLCORP.KL,,,,,,,,,,,,
7222.KL,IMASPRO.KL,,,,,,,,,,,,
7223.KL,JADI.KL,,,,,,,,,,,,
7225.KL,PA.KL,,,,,,,,,,,,
7226.KL,WATTA.KL,,,,,,,,,,,,
7227.KL,UMSNGB.KL,,,,,,,,,,,,
7228.KL,T7GLOBAL.KL,,,,,,,,,,,,
7229.KL,FAVCO.KL,,,,,,,,,,,,
7230.KL,TOMEI.KL,,,,,,,,,,,,
7231.KL,WELLCAL.KL,,,,,,,,,,,,
7232.KL,RESINTC.KL,,,,,,,,,,,,
7233.KL,DUFU.KL,,,,,,,,,,,,
7234.KL,LOTUSCIR.KL,,,,,,,,,,,,
7235.KL,SUPERLN.KL,,,,,,,,,,,,
7237.KL,PWROOT.KL,,,,,,,,,,,,
7239.KL,SCNWOLF.KL,,,,,,,,,,,,
7240.KL,IHB.KL,,,,,,,,,,,,
7241.KL,NGGB.KL,,,,,,,,,,,,
7243.KL,MAGMA.KL,,,,,,,,,,,,
7245.KL,CITAGLB.KL,,,,,,,,,,,,
7246.KL,SIGN.KL,,,,,,,,,,,,
7247.KL,SCGM.KL,,,,,,,,,,,,
7248.KL,SLP.KL,,,,,,,,,,,,
7249.KL,SKYGATE.KL,,,,,,,,,,,,
7250.KL,UZMA.KL,,,,,,,,,,,,
7252.KL,TEOSENG.KL,,,,,,,,,,,,
7253.KL,HANDAL.KL,,,,,,,,,,,,
7277.KL,DIALOG.KL,,,,,,,,,,,,
7285.KL,TOMYPAK.KL,,,,,,,,,,,,
7293.KL,YINSON.KL,,,,,,,,,,,,
7315.KL,AHB.KL,,,,,,,,,,,,
7323.KL,KEN.KL,,,,,,,,,,,,
7374.KL,TIENWAH.KL,,,,,,,,,,,,
7382.KL,GLBHD.KL,,,,,,,,,,,,
7412.KL,SHH.KL,,,,,,,,,,,,
7439.KL,TECGUAN.KL,,,,,,,,,,,,
7471.KL,EDEN.KL,,,,,,,,,,,,
7498.KL,RALCO.KL,,,,,,,,,,,,
7501.KL,HARNLEN.KL,,,,,,,,,,,,
7528.KL,DKLS.KL,,,,,,,,,,,,
7544.KL,QUALITY.KL,,,,,,,,,,,,
7579.KL,AWC.KL,,,,,,,,,,,,
7595.KL,MGB.KL,,,,,,,,,,,,
7609.KL,AJIYA.KL,,,,,,,,,,,,
7617.KL,MAGNA.KL,,,,,,,,,,,,
7668.KL,BESHOM.KL,,,,,,,,,,,,
7676.KL,GCAP.KL,,,,,,,,,,,,
7692.KL,MYTECH.KL,,,,,,,,,,,,
7722.KL,ASIABRN.KL,,,,,,,,,,,,
7757.KL,UPA.KL,,,,,,,,,,,,
7765.KL,RAPID.KL,,,,,,,,,,,,
7773.KL,EPMB.KL,,,,,,,,,,,,
7803.KL,HEXCARE.KL,,,,,,,,,,,,
7811.KL,SAPIND.KL,,,,,,,,,,,,
7854.KL,TIMWELL.KL,,,,,,,,,,,,
7889.KL,THRIVEN.KL,,,,,,,,,,,,
7935.KL,MILUX.KL,,,,,,,,,,,,
7943.KL,GREENTEC.KL,,,,,,,,,,,,
7986.KL,CNASIA.KL,,,,,,,,,,,,
8044.KL,CFM.KL,,,,,,,,,,,,
8052.KL,CGB.KL,,,,,,,,,,,,
8079.KL,LEESK.KL,,,,,,,,,,,,
8117.KL,PGF.KL,,,,,,,,,,,,
8133.KL,BHIC.KL,,,,,,,,,,,,
8141.KL,MJPERAK.KL,,,,,,,,,,,,
8176.KL,WAVEFRNT.KL,,,,,,,,,,,,
8192.KL,MERCURY.KL,,,,,,,,,,,,
8206.KL,ECOWLD.KL,,,,,,,,,,,,
8273.KL,PPHB.KL,,,,,,,,,,,,
8303.KL,LOTUS.KL,,,,,,,,,,,,
8311.KL,PESONA.KL,,,,,,,,,,,,
8338.KL,DATAPRP.KL,,,,,,,,,,,,
8346.KL,PRKCORP.KL,,,,,,,,,,,,
8362.KL,KYM.KL,,,,,,,,,,,,
8397.KL,TNLOGIS.KL,,,,,,,,,,,,
8419.KL,PANSAR.KL,,,,,,,,,,,,
8435.KL,CEPCO.KL,,,,,,,,,,,,
8443.KL,HIL.KL,,,,,,,,,,,,
8478.KL,HWATAI.KL,,,,,,,,,,,,
8486.KL,LIONPSIM.KL,,,,,,,,,,,,
8494.KL,LBICAP.KL,,,,,,,,,,,,
8524.KL,TALIWRK.KL,,,,,,,,,,,,
8532.KL,PERTAMA.KL,,,,,,,,,,,,
8567.KL,SALCON.KL,,,,,,,,,,,,
8583.KL,MAHSING.KL,,,,,,,,,,,,
8591.KL,CRESBLD.KL,,,,,,,,,,,,
8605.KL,FIHB.KL,,,,,,,,,,,,
8613.KL,ENRA.KL,,,,,,,,,,,,
8621.KL,LPI.KL,,,,,,,,,,,,
8648.KL,JASKITA.KL,,,,,,,,,,,,
8664.KL,SPSETIA.KL,,,,,,,,,,,,
8672.KL,KAMDAR.KL,,,,,,,,,,,,
8702.KL,TEXCHEM.KL,,,,,,,,,,,,
8745.KL,S&FCAP.KL,,,,,,,,,,,,
8869.KL,PMETAL.KL,,,,,,,,,,,,
8877.KL,EKOVEST.KL,,,,,,,,,,,,
8885.KL,AVI.KL,,,,,,,,,,,,
8893.KL,MKLAND.KL,,,,,,,,,,,,
8907.KL,EG.KL,,,,,,,,,,,,
8923.KL,JIANKUN.KL,,,,,,,,,,,,
8966.KL,TECHBASE.KL,,,,,,,,,,,,
8982.KL,CEPAT.KL,,,,,,,,,,,,
9008.KL,OMESTI.KL,,,,,,,,,,,,
9016.KL,EKSONS.KL,,,,,,,,,,,,
9059.KL,TSH.KL,,,,,,,,,,,,
9075.KL,THETA.KL,,,,,,,,,,,,
9083.KL,JETSON.KL,,,,,,,,,,,,
9091.KL,EMICO.KL,,,,,,,,,,,,
9113.KL,ICONIC.KL,,,,,,,,,,,,
9121.KL,KPSCB.KL,,,,,,,,,,,,
9148.KL,GBAY.KL,,,,,,,,,,,,
9172.KL,FPI.KL,,,,,,,,,,,,
9199.KL,LYSAGHT.KL,,,,,,,,,,,,
9237.KL,SCIB.KL,,,,,,,,,,,,
9261.KL,GADANG.KL,,,,,,,,,,,,
9288.KL,BONIA.KL,,,,,,,,,,,,
9296.KL,RCECAP.KL,,,,,,,,,,,,
9318.KL,FITTERS.KL,,,,,,,,,,,,
9326.KL,LBALUM.KL,,,,,,,,,,,,
9334.KL,KESM.KL,,,,,,,,,,,,
9369.KL,TGL.KL,,,,,,,,,,,,
9377.KL,FSBM.KL,,,,,,,,,,,,
9385.KL,LAYHONG.KL,,,,,,,,,,,,
9393.KL,ITRONIC.KL,,,,,,,,,,,,
9407.KL,PARAGON.KL,,,,,,,,,,,,
9423.KL,CWG.KL,,,,,,,,,,,,
9431.KL,SJC.KL,,,,,,,,,,,,
9466.KL,KKB.KL,,,,,,,,,,,,
9539.KL,MUH.KL,,,,,,,,,,,,
9571.KL,MITRA.KL,,,,,,,,,,,,
9598.KL,PTARAS.KL,,,,,,,,,,,,
9601.KL,HWGB.KL,,,,,,,,,,,,
9628.KL,LEBTECH.KL,,,,,,,,,,,,
9679.KL,WCT.KL,,,,,,,,,,,,
9687.KL,IDEAL.KL,,,,,,,,,,,,
9695.KL,PLS.KL,,,,,,,,,,,,
9717.KL,SYCAL.KL,,,,,,,,,,,,
9741.KL,ROHAS.KL,,,,,,,,,,,,
9776.KL,RSSB.KL,,,,,,,,,,,,
9792.KL,SEG.KL,,,,,,,,,,,,
9814.KL,BERTAM.KL,,,,,,,,,,,,
9822.KL,SAM.KL,,,,,,,,,,,,
9873.KL,PRESTAR.KL,,,,,,,,,,,,
9881.KL,LSTEEL.KL,,,,,,,,,,,,
9938.KL,BRIGHT.KL,,,,,,,,,,,,
9946.KL,ETA.KL,,,,,,,,,,,,
9954.KL,RGTBHD.KL,,,,,,,,,,,,
9962.KL,GMUTUAL.KL,,,,,,,,,,,,
9997.KL,PENSONI.KL,,,,,,,,,,,,
,,,,,,,,,,,,,
,,,,,,,,,,,,,
,,,,,,,,,,,,,
,,,,,,,,,,,,,
,,,,,,,,,,,,,
,,,,,,,,,,,,,
,,,,,,,,,,,,,
,,,,,,,,,,,,,
,,,,,,,,,,,,,
,,,,,,,,,,,,,
,,,,,,,,,,,,,
,,,,,,,,,,,,,
,,,,,,,,,,,,,
,,,,,,,,,,,,,
,,,,,,,,,,,,,
,,,,,,,,,,,,,
,,,,,,,,,,,,,
,,,,,,,,,,,,,
,,,,,,,,,,,,,
,,,,,,,,,,,,,
,,,,,,,,,,,,,
,,,,,,,,,,,,,
,,,,,,,,,,,,,
,,,,,,,,,,,,,
,,,,,,,,,,,,,
,,,,,,,,,,,,,
,,,,,,,,,,,,,
,,,,,,,,,,,,,
,,,,,,,,,,,,,
,,,,,,,,,,,,,
,,,,,,,,,,,,,
,,,,,,,,,,,,,
,,,,,,,,,,,,,
,,,,,,,,,,,,,
,,,,,,,,,,,,,
,,,,,,,,,,,,,
,,,,,,,,,,,,,
,,,,,,,,,,,,,
,,,,,,,,,,,,,
,,,,,,,,,,,,,
,,,,,,,,,,,,,
,,,,,,,,,,,,,
,,,,,,,,,,,,,
,,,,,,,,,,,,,
,,,,,,,,,,,,,
,,,,,,,,,,,,,
,,,,,,,,,,,,,
,,,,,,,,,,,,,
,,,,,,,,,,,,,
,,,,,,,,,,,,,
,,,,,,,,,,,,,
,,,,,,,,,,,,,
,,,,,,,,,,,,,
,,,,,,,,,,,,,
,,,,,,,,,,,,,
,,,,,,,,,,,,,
,,,,,,,,,,,,,
,,,,,,,,,,,,,
,,,,,,,,,,,,,
,,,,,,,,,,,,,
,,,,,,,,,,,,,
,,,,,,,,,,,,,
,,,,,,,,,,,,,
,,,,,,,,,,,,,
,,,,,,,,,,,,,
,,,,,,,,,,,,,
,,,,,,,,,,,,,
,,,,,,,,,,,,,
,,,,,,,,,,,,,
,,,,,,,,,,,,,
,,,,,,,,,,,,,
,,,,,,,,,,,,,
,,,,,,,,,,,,,
,,,,,,,,,,,,,
,,,,,,,,,,,,,
,,,,,,,,,,,,,
,,,,,,,,,,,,,
,,,,,,,,,,,,,
,,,,,,,,,,,,,
,,,,,,,,,,,,,
,,,,,,,,,,,,,
,,,,,,,,,,,,,
,,,,,,,,,,,,,
,,,,,,,,,,,,,
,,,,,,,,,,,,,
,,,,,,,,,,,,,
,,,,,,,,,,,,,
,,,,,,,,,,,,,
,,,,,,,,,,,,,
,,,,,,,,,,,,,
,,,,,,,,,,,,,
,,,,,,,,,,,,,
,,,,,,,,,,,,,
,,,,,,,,,,,,,
,,,,,,,,,,,,,
,,,,,,,,,,,,,
,,,,,,,,,,,,,
,,,,,,,,,,,,,
,,,,,,,,,,,,,
,,,,,,,,,,,,,
,,,,,,,,,,,,,
,,,,,,,,,,,,,
,,,,,,,,,,,,,
,,,,,,,,,,,,,
,,,,,,,,,,,,,
,,,,,,,,,,,,,
,,,,,,,,,,,,,
,,,,,,,,,,,,,
,,,,,,,,,,,,,
,,,,,,,,,,,,,
,,,,,,,,,,,,,
,,,,,,,,,,,,,
,,,,,,,,,,,,,
,,,,,,,,,,,,,
,,,,,,,,,,,,,
,,,,,,,,,,,,,
,,,,,,,,,,,,,
,,,,,,,,,,,,,
,,,,,,,,,,,,,
,,,,,,,,,,,,,
,,,,,,,,,,,,,
,,,,,,,,,,,,,
,,,,,,,,,,,,,
,,,,,,,,,,,,,
,,,,,,,,,,,,,
,,,,,,,,,,,,,
,,,,,,,,,,,,,
,,,,,,,,,,,,,
,,,,,,,,,,,,,
,,,,,,,,,,,,,
,,,,,,,,,,,,,
,,,,,,,,,,,,,
,,,,,,,,,,,,,
,,,,,,,,,,,,,
,,,,,,,,,,,,,
,,,,,,,,,,,,,
,,,,,,,,,,,,,
,,,,,,,,,,,,,
,,,,,,,,,,,,,
,,,,,,,,,,,,,
,,,,,,,,,,,,,
,,,,,,,,,,,,,
,,,,,,,,,,,,,
,,,,,,,,,,,,,
,,,,,,,,,,,,,
,,,,,,,,,,,,,
,,,,,,,,,,,,,
,,,,,,,,,,,,,
,,,,,,,,,,,,,
,,,,,,,,,,,,,
,,,,,,,,,,,,,
,,,,,,,,,,,,,
,,,,,,,,,,,,,
,,,,,,,,,,,,,
,,,,,,,,,,,,,
,,,,,,,,,,,,,
,,,,,,,,,,,,,
,,,,,,,,,,,,,
,,,,,,,,,,,,,
,,,,,,,,,,,,,
,,,,,,,,,,,,,
,,,,,,,,,,,,,
,,,,,,,,,,,,,
,,,,,,,,,,,,,
,,,,,,,,,,,,,
,,,,,,,,,,,,,
,,,,,,,,,,,,,
,,,,,,,,,,,,,
,,,,,,,,,,,,,
,,,,,,,,,,,,,
,,,,,,,,,,,,,
,,,,,,,,,,,,,
,,,,,,,,,,,,,
,,,,,,,,,,,,,
,,,,,,,,,,,,,
,,,,,,,,,,,,,
,,,,,,,,,,,,,
,,,,,,,,,,,,,
,,,,,,,,,,,,,
,,,,,,,,,,,,,
,,,,,,,,,,,,,
,,,,,,,,,,,,,
,,,,,,,,,,,,,
,,,,,,,,,,,,,
,,,,,,,,,,,,,
,,,,,,,,,,,,,
,,,,,,,,,,,,,
,,,,,,,,,,,,,
,,,,,,,,,,,,,
,,,,,,,,,,,,,
,,,,,,,,,,,,,
,,,,,,,,,,,,,
,,,,,,,,,,,,,
,,,,,,,,,,,,,
,,,,,,,,,,,,,
,,,,,,,,,,,,,
,,,,,,,,,,,,,
,,,,,,,,,,,,,
,,,,,,,,,,,,,
,,,,,,,,,,,,,
,,,,,,,,,,,,,
,,,,,,,,,,,,,
,,,,,,,,,,,,,
,,,,,,,,,,,,,
,,,,,,,,,,,,,
,,,,,,,,,,,,,
,,,,,,,,,,,,,
,,,,,,,,,,,,,
,,,,,,,,,,,,,
,,,,,,,,,,,,,
,,,,,,,,,,,,,
,,,,,,,,,,,,,
,,,,,,,,,,,,,
,,,,,,,,,,,,,
,,,,,,,,,,,,,
,,,,,,,,,,,,,
,,,,,,,,,,,,,
,,,,,,,,,,,,,
,,,,,,,,,,,,,
,,,,,,,,,,,,,
,,,,,,,,,,,,,
,,,,,,,,,,,,,
,,,,,,,,,,,,,
,,,,,,,,,,,,,
,,,,,,,,,,,,,
,,,,,,,,,,,,,
,,,,,,,,,,,,,
,,,,,,,,,,,,,
,,,,,,,,,,,,,
,,,,,,,,,,,,,
,,,,,,,,,,,,,
,,,,,,,,,,,,,
,,,,,,,,,,,,,
,,,,,,,,,,,,,
,,,,,,,,,,,,,
,,,,,,,,,,,,,
,,,,,,,,,,,,,
,,,,,,,,,,,,,
,,,,,,,,,,,,,
,,,,,,,,,,,,,
,,,,,,,,,,,,,
,,,,,,,,,,,,,
,,,,,,,,,,,,,
,,,,,,,,,,,,,
,,,,,,,,,,,,,
,,,,,,,,,,,,,
,,,,,,,,,,,,,
,,,,,,,,,,,,,
,,,,,,,,,,,,,
,,,,,,,,,,,,,
,,,,,,,,,,,,,
,,,,,,,,,,,,,
,,,,,,,,,,,,,
,,,,,,,,,,,,,
,,,,,,,,,,,,,
,,,,,,,,,,,,,
,,,,,,,,,,,,,
,,,,,,,,,,,,,
,,,,,,,,,,,,,
,,,,,,,,,,,,,
,,,,,,,,,,,,,
,,,,,,,,,,,,,
,,,,,,,,,,,,,
,,,,,,,,,,,,,
,,,,,,,,,,,,,
,,,,,,,,,,,,,
,,,,,,,,,,,,,
,,,,,,,,,,,,,
,,,,,,,,,,,,,
,,,,,,,,,,,,,
,,,,,,,,,,,,,
,,,,,,,,,,,,,
,,,,,,,,,,,,,
,,,,,,,,,,,,,
,,,,,,,,,,,,,
,,,,,,,,,,,,,
,,,,,,,,,,,,,
,,,,,,,,,,,,,
,,,,,,,,,,,,,
,,,,,,,,,,,,,
,,,,,,,,,,,,,
,,,,,,,,,,,,,
,,,,,,,,,,,,,
,,,,,,,,,,,,,
,,,,,,,,,,,,,
,,,,,,,,,,,,,
,,,,,,,,,,,,,
,,,,,,,,,,,,,
,,,,,,,,,,,,,
,,,,,,,,,,,,,
,,,,,,,,,,,,,
,,,,,,,,,,,,,
,,,,,,,,,,,,,
,,,,,,,,,,,,,
,,,,,,,,,,,,,
,,,,,,,,,,,,,
,,,,,,,,,,,,,
,,,,,,,,,,,,,
,,,,,,,,,,,,,
,,,,,,,,,,,,,
,,,,,,,,,,,,,
,,,,,,,,,,,,,
,,,,,,,,,,,,,
,,,,,,,,,,,,,
,,,,,,,,,,,,,
,,,,,,,,,,,,,
,,,,,,,,,,,,,
,,,,,,,,,,,,,
,,,,,,,,,,,,,
,,,,,,,,,,,,,
,,,,,,,,,,,,,
,,,,,,,,,,,,,
,,,,,,,,,,,,,
,,,,,,,,,,,,,
,,,,,,,,,,,,,
,,,,,,,,,,,,,
,,,,,,,,,,,,,
,,,,,,,,,,,,,
,,,,,,,,,,,,,
,,,,,,,,,,,,,
,,,,,,,,,,,,,
,,,,,,,,,,,,,
,,,,,,,,,,,,,
,,,,,,,,,,,,,
,,,,,,,,,,,,,
,,,,,,,,,,,,,
,,,,,,,,,,,,,
,,,,,,,,,,,,,
,,,,,,,,,,,,,
,,,,,,,,,,,,,
,,,,,,,,,,,,,
,,,,,,,,,,,,,
,,,,,,,,,,,,,
,,,,,,,,,,,,,
,,,,,,,,,,,,,
,,,,,,,,,,,,,
,,,,,,,,,,,,,
,,,,,,,,,,,,,
,,,,,,,,,,,,,
,,,,,,,,,,,,,
,,,,,,,,,,,,,
,,,,,,,,,,,,,
,,,,,,,,,,,,,
,,,,,,,,,,,,,
,,,,,,,,,,,,,
,,,,,,,,,,,,,
,,,,,,,,,,,,,
,,,,,,,,,,,,,
,,,,,,,,,,,,,
,,,,,,,,,,,,,
,,,,,,,,,,,,,
,,,,,,,,,,,,,
,,,,,,,,,,,,,
,,,,,,,,,,,,,
,,,,,,,,,,,,,
,,,,,,,,,,,,,
,,,,,,,,,,,,,
,,,,,,,,,,,,,
,,,,,,,,,,,,,
,,,,,,,,,,,,,
,,,,,,,,,,,,,
,,,,,,,,,,,,,
,,,,,,,,,,,,,
,,,,,,,,,,,,,
,,,,,,,,,,,,,
,,,,,,,,,,,,,
,,,,,,,,,,,,,
,,,,,,,,,,,,,
,,,,,,,,,,,,,
,,,,,,,,,,,,,
,,,,,,,,,,,,,
,,,,,,,,,,,,,
,,,,,,,,,,,,,
,,,,,,,,,,,,,
,,,,,,,,,,,,,
,,,,,,,,,,,,,
,,,,,,,,,,,,,
,,,,,,,,,,,,,
,,,,,,,,,,,,,
,,,,,,,,,,,,,
,,,,,,,,,,,,,
,,,,,,,,,,,,,
,,,,,,,,,,,,,
,,,,,,,,,,,,,
,,,,,,,,,,,,,
,,,,,,,,,,,,,
,,,,,,,,,,,,,
,,,,,,,,,,,,,
,,,,,,,,,,,,,
,,,,,,,,,,,,,
,,,,,,,,,,,,,
,,,,,,,,,,,,,
,,,,,,,,,,,,,
,,,,,,,,,,,,,
,,,,,,,,,,,,,
,,,,,,,,,,,,,
,,,,,,,,,,,,,
,,,,,,,,,,,,,
,,,,,,,,,,,,,
,,,,,,,,,,,,,
,,,,,,,,,,,,,
,,,,,,,,,,,,,
,,,,,,,,,,,,,
,,,,,,,,,,,,,
,,,,,,,,,,,,,
,,,,,,,,,,,,,
,,,,,,,,,,,,,
,,,,,,,,,,,,,
,,,,,,,,,,,,,
,,,,,,,,,,,,,
,,,,,,,,,,,,,
,,,,,,,,,,,,,
,,,,,,,,,,,,,
,,,,,,,,,,,,,
,,,,,,,,,,,,,
,,,,,,,,,,,,,
,,,,,,,,,,,,,
,,,,,,,,,,,,,
,,,,,,,,,,,,,
,,,,,,,,,,,,,
,,,,,,,,,,,,,
,,,,,,,,,,,,,
,,,,,,,,,,,,,
,,,,,,,,,,,,,
,,,,,,,,,,,,,
,,,,,,,,,,,,,
,,,,,,,,,,,,,
,,,,,,,,,,,,,
,,,,,,,,,,,,,
,,,,,,,,,,,,,
,,,,,,,,,,,,,
,,,,,,,,,,,,,
,,,,,,,,,,,,,
,,,,,,,,,,,,,
,,,,,,,,,,,,,
,,,,,,,,,,,,,
,,,,,,,,,,,,,
,,,,,,,,,,,,,
,,,,,,,,,,,,,
,,,,,,,,,,,,,
,,,,,,,,,,,,,
,,,,,,,,,,,,,
,,,,,,,,,,,,,
,,,,,,,,,,,,,
,,,,,,,,,,,,,
,,,,,,,,,,,,,
,,,,,,,,,,,,,
,,,,,,,,,,,,,
,,,,,,,,,,,,,
,,,,,,,,,,,,,
,,,,,,,,,,,,,
,,,,,,,,,,,,,
,,,,,,,,,,,,,
,,,,,,,,,,,,,
,,,,,,,,,,,,,
,,,,,,,,,,,,,
,,,,,,,,,,,,,
,,,,,,,,,,,,,
,,,,,,,,,,,,,
,,,,,,,,,,,,,
,,,,,,,,,,,,,
,,,,,,,,,,,,,
,,,,,,,,,,,,,
,,,,,,,,,,,,,
,,,,,,,,,,,,,
,,,,,,,,,,,,,
,,,,,,,,,,,,,
,,,,,,,,,,,,,
,,,,,,,,,,,,,
,,,,,,,,,,,,,
,,,,,,,,,,,,,
,,,,,,,,,,,,,
,,,,,,,,,,,,,
,,,,,,,,,,,,,
,,,,,,,,,,,,,
,,,,,,,,,,,,,
,,,,,,,,,,,,,
,,,,,,,,,,,,,
,,,,,,,,,,,,,
,,,,,,,,,,,,,
,,,,,,,,,,,,,
,,,,,,,,,,,,,
,,,,,,,,,,,,,
,,,,,,,,,,,,,
,,,,,,,,,,,,,
,,,,,,,,,,,,,
,,,,,,,,,,,,,
,,,,,,,,,,,,,
,,,,,,,,,,,,,
,,,,,,,,,,,,,
,,,,,,,,,,,,,
,,,,,,,,,,,,,
,,,,,,,,,,,,,
,,,,,,,,,,,,,
,,,,,,,,,,,,,
,,,,,,,,,,,,,
,,,,,,,,,,,,,
,,,,,,,,,,,,,
,,,,,,,,,,,,,
,,,,,,,,,,,,,
,,,,,,,,,,,,,
,,,,,,,,,,,,,
,,,,,,,,,,,,,
,,,,,,,,,,,,,
,,,,,,,,,,,,,
,,,,,,,,,,,,,
,,,,,,,,,,,,,
,,,,,,,,,,,,,
,,,,,,,,,,,,,
,,,,,,,,,,,,,
,,,,,,,,,,,,,
,,,,,,,,,,,,,
,,,,,,,,,,,,,
,,,,,,,,,,,,,
,,,,,,,,,,,,,
,,,,,,,,,,,,,
,,,,,,,,,,,,,
,,,,,,,,,,,,,
,,,,,,,,,,,,,
,,,,,,,,,,,,,
,,,,,,,,,,,,,
,,,,,,,,,,,,,
,,,,,,,,,,,,,
,,,,,,,,,,,,,
,,,,,,,,,,,,,
,,,,,,,,,,,,,
,,,,,,,,,,,,,
,,,,,,,,,,,,,
,,,,,,,,,,,,,
,,,,,,,,,,,,,
,,,,,,,,,,,,,
,,,,,,,,,,,,,
,,,,,,,,,,,,,
,,,,,,,,,,,,,
,,,,,,,,,,,,,
,,,,,,,,,,,,,
,,,,,,,,,,,,,
,,,,,,,,,,,,,
,,,,,,,,,,,,,
,,,,,,,,,,,,,
,,,,,,,,,,,,,
,,,,,,,,,,,,,
,,,,,,,,,,,,,
,,,,,,,,,,,,,
,,,,,,,,,,,,,
,,,,,,,,,,,,,
,,,,,,,,,,,,,
,,,,,,,,,,,,,
,,,,,,,,,,,,,
,,,,,,,,,,,,,
,,,,,,,,,,,,,
,,,,,,,,,,,,,
,,,,,,,,,,,,,
,,,,,,,,,,,,,
,,,,,,,,,,,,,
,,,,,,,,,,,,,
,,,,,,,,,,,,,
,,,,,,,,,,,,,
,,,,,,,,,,,,,
,,,,,,,,,,,,,
,,,,,,,,,,,,,
,,,,,,,,,,,,,
,,,,,,,,,,,,,
,,,,,,,,,,,,,
,,,,,,,,,,,,,
,,,,,,,,,,,,,
,,,,,,,,,,,,,
,,,,,,,,,,,,,
,,,,,,,,,,,,,
,,,,,,,,,,,,,
,,,,,,,,,,,,,
,,,,,,,,,,,,,
,,,,,,,,,,,,,
,,,,,,,,,,,,,
,,,,,,,,,,,,,
,,,,,,,,,,,,,
,,,,,,,,,,,,,
,,,,,,,,,,,,,
,,,,,,,,,,,,,
,,,,,,,,,,,,,
,,,,,,,,,,,,,
,,,,,,,,,,,,,
,,,,,,,,,,,,,
,,,,,,,,,,,,,
,,,,,,,,,,,,,
,,,,,,,,,,,,,
,,,,,,,,,,,,,
,,,,,,,,,,,,,
,,,,,,,,,,,,,
,,,,,,,,,,,,,
,,,,,,,,,,,,,
,,,,,,,,,,,,,
,,,,,,,,,,,,,
,,,,,,,,,,,,,
,,,,,,,,,,,,,
,,,,,,,,,,,,,
,,,,,,,,,,,,,
,,,,,,,,,,,,,
,,,,,,,,,,,,,
,,,,,,,,,,,,,
,,,,,,,,,,,,,
,,,,,,,,,,,,,
,,,,,,,,,,,,,
,,,,,,,,,,,,,
,,,,,,,,,,,,,
,,,,,,,,,,,,,
,,,,,,,,,,,,,
,,,,,,,,,,,,,
,,,,,,,,,,,,,
,,,,,,,,,,,,,
,,,,,,,,,,,,,
,,,,,,,,,,,,,
,,,,,,,,,,,,,
,,,,,,,,,,,,,
,,,,,,,,,,,,,
,,,,,,,,,,,,,
,,,,,,,,,,,,,
,,,,,,,,,,,,,
,,,,,,,,,,,,,
,,,,,,,,,,,,,
,,,,,,,,,,,,,
,,,,,,,,,,,,,
,,,,,,,,,,,,,
,,,,,,,,,,,,,
,,,,,,,,,,,,,
,,,,,,,,,,,,,
,,,,,,,,,,,,,
,,,,,,,,,,,,,
,,,,,,,,,,,,,
,,,,,,,,,,,,,
,,,,,,,,,,,,,
,,,,,,,,,,,,,
,,,,,,,,,,,,,
,,,,,,,,,,,,,
,,,,,,,,,,,,,
,,,,,,,,,,,,,
,,,,,,,,,,,,,
,,,,,,,,,,,,,
,,,,,,,,,,,,,
,,,,,,,,,,,,,
,,,,,,,,,,,,,
,,,,,,,,,,,,,
,,,,,,,,,,,,,
,,,,,,,,,,,,,
,,,,,,,,,,,,,
,,,,,,,,,,,,,
,,,,,,,,,,,,,
,,,,,,,,,,,,,
,,,,,,,,,,,,,
,,,,,,,,,,,,,
,,,,,,,,,,,,,
,,,,,,,,,,,,,
,,,,,,,,,,,,,
,,,,,,,,,,,,,
,,,,,,,,,,,,,
,,,,,,,,,,,,,
,,,,,,,,,,,,,
,,,,,,,,,,,,,
,,,,,,,,,,,,,
,,,,,,,,,,,,,
,,,,,,,,,,,,,
,,,,,,,,,,,,,
,,,,,,,,,,,,,
,,,,,,,,,,,,,
,,,,,,,,,,,,,
,,,,,,,,,,,,,
,,,,,,,,,,,,,
,,,,,,,,,,,,,
,,,,,,,,,,,,,
,,,,,,,,,,,,,
,,,,,,,,,,,,,
,,,,,,,,,,,,,
,,,,,,,,,,,,,
,,,,,,,,,,,,,
,,,,,,,,,,,,,
,,,,,,,,,,,,,
,,,,,,,,,,,,,
,,,,,,,,,,,,,
,,,,,,,,,,,,,
,,,,,,,,,,,,,
,,,,,,,,,,,,,
,,,,,,,,,,,,,
,,,,,,,,,,,,,
,,,,,,,,,,,,,
,,,,,,,,,,,,,
,,,,,,,,,,,,,
,,,,,,,,,,,,,
,,,,,,,,,,,,,
,,,,,,,,,,,,,
,,,,,,,,,,,,,
,,,,,,,,,,,,,
,,,,,,,,,,,,,
,,,,,,,,,,,,,
,,,,,,,,,,,,,
,,,,,,,,,,,,,
,,,,,,,,,,,,,
,,,,,,,,,,,,,
,,,,,,,,,,,,,
,,,,,,,,,,,,,
,,,,,,,,,,,,,
,,,,,,,,,,,,,
,,,,,,,,,,,,,
,,,,,,,,,,,,,
,,,,,,,,,,,,,
,,,,,,,,,,,,,
,,,,,,,,,,,,,
,,,,,,,,,,,,,
,,,,,,,,,,,,,
,,,,,,,,,,,,,
,,,,,,,,,,,,,
,,,,,,,,,,,,,
,,,,,,,,,,,,,
,,,,,,,,,,,,,
,,,,,,,,,,,,,
,,,,,,,,,,,,,
,,,,,,,,,,,,,
,,,,,,,,,,,,,
,,,,,,,,,,,,,
,,,,,,,,,,,,,
,,,,,,,,,,,,,
,,,,,,,,,,,,,
,,,,,,,,,,,,,
,,,,,,,,,,,,,
,,,,,,,,,,,,,
,,,,,,,,,,,,,
,,,,,,,,,,,,,
,,,,,,,,,,,,,
,,,,,,,,,,,,,
,,,,,,,,,,,,,
,,,,,,,,,,,,,
,,,,,,,,,,,,,
,,,,,,,,,,,,,
,,,,,,,,,,,,,
,,,,,,,,,,,,,
,,,,,,,,,,,,,
,,,,,,,,,,,,,
,,,,,,,,,,,,,
,,,,,,,,,,,,,
,,,,,,,,,,,,,
,,,,,,,,,,,,,
,,,,,,,,,,,,,
,,,,,,,,,,,,,
,,,,,,,,,,,,,
,,,,,,,,,,,,,
,,,,,,,,,,,,,
,,,,,,,,,,,,,
,,,,,,,,,,,,,
,,,,,,,,,,,,,
,,,,,,,,,,,,,
,,,,,,,,,,,,,
,,,,,,,,,,,,,
,,,,,,,,,,,,,
,,,,,,,,,,,,,
,,,,,,,,,,,,,
,,,,,,,,,,,,,
,,,,,,,,,,,,,
,,,,,,,,,,,,,
,,,,,,,,,,,,,
,,,,,,,,,,,,,
,,,,,,,,,,,,,
,,,,,,,,,,,,,
,,,,,,,,,,,,,
,,,,,,,,,,,,,
,,,,,,,,,,,,,
,,,,,,,,,,,,,
,,,,,,,,,,,,,
,,,,,,,,,,,,,
,,,,,,,,,,,,,
,,,,,,,,,,,,,
,,,,,,,,,,,,,
,,,,,,,,,,,,,
,,,,,,,,,,,,,
,,,,,,,,,,,,,
,,,,,,,,,,,,,
,,,,,,,,,,,,,
,,,,,,,,,,,,,
,,,,,,,,,,,,,
,,,,,,,,,,,,,
,,,,,,,,,,,,,
,,,,,,,,,,,,,
,,,,,,,,,,,,,
,,,,,,,,,,,,,
,,,,,,,,,,,,,
,,,,,,,,,,,,,
,,,,,,,,,,,,,
,,,,,,,,,,,,,
,,,,,,,,,,,,,
,,,,,,,,,,,,,
,,,,,,,,,,,,,
,,,,,,,,,,,,,
,,,,,,,,,,,,,
,,,,,,,,,,,,,
,,,,,,,,,,,,,
,,,,,,,,,,,,,
,,,,,,,,,,,,,
,,,,,,,,,,,,,
,,,,,,,,,,,,,
,,,,,,,,,,,,,
,,,,,,,,,,,,,
,,,,,,,,,,,,,
,,,,,,,,,,,,,
,,,,,,,,,,,,,
,,,,,,,,,,,,,
,,,,,,,,,,,,,
,,,,,,,,,,,,,
,,,,,,,,,,,,,
,,,,,,,,,,,,,
,,,,,,,,,,,,,
,,,,,,,,,,,,,
,,,,,,,,,,,,,
,,,,,,,,,,,,,
,,,,,,,,,,,,,
,,,,,,,,,,,,,
,,,,,,,,,,,,,
,,,,,,,,,,,,,
,,,,,,,,,,,,,
,,,,,,,,,,,,,
,,,,,,,,,,,,,
,,,,,,,,,,,,,
,,,,,,,,,,,,,
,,,,,,,,,,,,,
,,,,,,,,,,,,,
,,,,,,,,,,,,,
,,,,,,,,,,,,,
,,,,,,,,,,,,,
,,,,,,,,,,,,,
,,,,,,,,,,,,,
,,,,,,,,,,,,,
,,,,,,,,,,,,,
,,,,,,,,,,,,,
,,,,,,,,,,,,,
,,,,,,,,,,,,,
,,,,,,,,,,,,,
,,,,,,,,,,,,,
,,,,,,,,,,,,,
,,,,,,,,,,,,,
,,,,,,,,,,,,,
,,,,,,,,,,,,,
,,,,,,,,,,,,,
,,,,,,,,,,,,,
,,,,,,,,,,,,,
,,,,,,,,,,,,,
,,,,,,,,,,,,,
,,,,,,,,,,,,,
,,,,,,,,,,,,,
,,,,,,,,,,,,,
,,,,,,,,,,,,,
,,,,,,,,,,,,,
,,,,,,,,,,,,,
,,,,,,,,,,,,,
,,,,,,,,,,,,,
,,,,,,,,,,,,,
,,,,,,,,,,,,,
,,,,,,,,,,,,,
,,,,,,,,,,,,,
,,,,,,,,,,,,,
,,,,,,,,,,,,,
,,,,,,,,,,,,,
,,,,,,,,,,,,,
,,,,,,,,,,,,,
,,,,,,,,,,,,,
,,,,,,,,,,,,,
,,,,,,,,,,,,,
,,,,,,,,,,,,,
,,,,,,,,,,,,,
,,,,,,,,,,,,,
,,,,,,,,,,,,,
,,,,,,,,,,,,,
,,,,,,,,,,,,,
,,,,,,,,,,,,,
,,,,,,,,,,,,,
,,,,,,,,,,,,,
,,,,,,,,,,,,,
,,,,,,,,,,,,,
,,,,,,,,,,,,,
,,,,,,,,,,,,,
,,,,,,,,,,,,,
,,,,,,,,,,,,,
,,,,,,,,,,,,,
,,,,,,,,,,,,,
,,,,,,,,,,,,,
,,,,,,,,,,,,,
,,,,,,,,,,,,,
,,,,,,,,,,,,,
,,,,,,,,,,,,,
,,,,,,,,,,,,,
,,,,,,,,,,,,,
,,,,,,,,,,,,,
,,,,,,,,,,,,,
,,,,,,,,,,,,,
,,,,,,,,,,,,,
,,,,,,,,,,,,,
,,,,,,,,,,,,,
,,,,,,,,,,,,,
,,,,,,,,,,,,,
,,,,,,,,,,,,,
,,,,,,,,,,,,,
,,,,,,,,,,,,,
,,,,,,,,,,,,,
,,,,,,,,,,,,,
,,,,,,,,,,,,,
,,,,,,,,,,,,,
,,,,,,,,,,,,,
,,,,,,,,,,,,,
,,,,,,,,,,,,,
,,,,,,,,,,,,,
,,,,,,,,,,,,,
,,,,,,,,,,,,,
,,,,,,,,,,,,,
,,,,,,,,,,,,,
,,,,,,,,,,,,,
,,,,,,,,,,,,,
,,,,,,,,,,,,,
,,,,,,,,,,,,,
,,,,,,,,,,,,,
,,,,,,,,,,,,,
,,,,,,,,,,,,,
,,,,,,,,,,,,,
,,,,,,,,,,,,,
,,,,,,,,,,,,,
,,,,,,,,,,,,,
,,,,,,,,,,,,,
,,,,,,,,,,,,,
,,,,,,,,,,,,,
,,,,,,,,,,,,,
,,,,,,,,,,,,,
,,,,,,,,,,,,,
,,,,,,,,,,,,,
,,,,,,,,,,,,,
,,,,,,,,,,,,,
,,,,,,,,,,,,,
,,,,,,,,,,,,,
,,,,,,,,,,,,,
,,,,,,,,,,,,,
,,,,,,,,,,,,,
,,,,,,,,,,,,,
,,,,,,,,,,,,,
,,,,,,,,,,,,,
,,,,,,,,,,,,,
,,,,,,,,,,,,,
,,,,,,,,,,,,,
,,,,,,,,,,,,,
,,,,,,,,,,,,,
,,,,,,,,,,,,,
,,,,,,,,,,,,,
,,,,,,,,,,,,,
,,,,,,,,,,,,,
,,,,,,,,,,,,,
,,,,,,,,,,,,,
,,,,,,,,,,,,,
,,,,,,,,,,,,,
,,,,,,,,,,,,,
,,,,,,,,,,,,,
,,,,,,,,,,,,,
,,,,,,,,,,,,,
,,,,,,,,,,,,,
,,,,,,,,,,,,,
,,,,,,,,,,,,,
,,,,,,,,,,,,,
,,,,,,,,,,,,,
,,,,,,,,,,,,,
,,,,,,,,,,,,,
,,,,,,,,,,,,,
,,,,,,,,,,,,,
,,,,,,,,,,,,,
,,,,,,,,,,,,,
,,,,,,,,,,,,,
,,,,,,,,,,,,,
,,,,,,,,,,,,,
,,,,,,,,,,,,,
,,,,,,,,,,,,,
,,,,,,,,,,,,,
,,,,,,,,,,,,,
,,,,,,,,,,,,,
,,,,,,,,,,,,,
,,,,,,,,,,,,,
,,,,,,,,,,,,,
,,,,,,,,,,,,,
,,,,,,,,,,,,,
,,,,,,,,,,,,,
,,,,,,,,,,,,,
,,,,,,,,,,,,,
,,,,,,,,,,,,,
,,,,,,,,,,,,,
,,,,,,,,,,,,,
,,,,,,,,,,,,,
,,,,,,,,,,,,,
,,,,,,,,,,,,,
,,,,,,,,,,,,,
,,,,,,,,,,,,,
,,,,,,,,,,,,,
,,,,,,,,,,,,,
,,,,,,,,,,,,,
,,,,,,,,,,,,,
,,,,,,,,,,,,,
,,,,,,,,,,,,,
,,,,,,,,,,,,,
,,,,,,,,,,,,,
,,,,,,,,,,,,,
,,,,,,,,,,,,,
,,,,,,,,,,,,,
,,,,,,,,,,,,,
,,,,,,,,,,,,,
,,,,,,,,,,,,,
,,,,,,,,,,,,,
,,,,,,,,,,,,,
,,,,,,,,,,,,,
,,,,,,,,,,,,,
,,,,,,,,,,,,,
,,,,,,,,,,,,,
,,,,,,,,,,,,,
,,,,,,,,,,,,,
,,,,,,,,,,,,,
,,,,,,,,,,,,,
,,,,,,,,,,,,,
,,,,,,,,,,,,,
,,,,,,,,,,,,,
,,,,,,,,,,,,,
,,,,,,,,,,,,,
,,,,,,,,,,,,,
,,,,,,,,,,,,,
,,,,,,,,,,,,,
,,,,,,,,,,,,,
,,,,,,,,,,,,,
,,,,,,,,,,,,,
,,,,,,,,,,,,,
,,,,,,,,,,,,,
,,,,,,,,,,,,,
,,,,,,,,,,,,,
,,,,,,,,,,,,,
,,,,,,,,,,,,,
,,,,,,,,,,,,,
,,,,,,,,,,,,,
,,,,,,,,,,,,,
,,,,,,,,,,,,,
,,,,,,,,,,,,,
,,,,,,,,,,,,,
,,,,,,,,,,,,,
,,,,,,,,,,,,,
,,,,,,,,,,,,,
,,,,,,,,,,,,,
,,,,,,,,,,,,,
,,,,,,,,,,,,,
,,,,,,,,,,,,,
,,,,,,,,,,,,,
,,,,,,,,,,,,,
,,,,,,,,,,,,,
,,,,,,,,,,,,,
,,,,,,,,,,,,,
,,,,,,,,,,,,,
,,,,,,,,,,,,,
,,,,,,,,,,,,,
,,,,,,,,,,,,,
,,,,,,,,,,,,,
,,,,,,,,,,,,,
,,,,,,,,,,,,,
,,,,,,,,,,,,,
,,,,,,,,,,,,,
,,,,,,,,,,,,,
,,,,,,,,,,,,,
,,,,,,,,,,,,,
,,,,,,,,,,,,,
,,,,,,,,,,,,,
,,,,,,,,,,,,,
,,,,,,,,,,,,,
,,,,,,,,,,,,,
,,,,,,,,,,,,,
,,,,,,,,,,,,,
,,,,,,,,,,,,,
,,,,,,,,,,,,,
,,,,,,,,,,,,,
,,,,,,,,,,,,,
,,,,,,,,,,,,,
,,,,,,,,,,,,,
,,,,,,,,,,,,,
,,,,,,,,,,,,,
,,,,,,,,,,,,,
,,,,,,,,,,,,,
,,,,,,,,,,,,,
,,,,,,,,,,,,,
,,,,,,,,,,,,,
,,,,,,,,,,,,,
,,,,,,,,,,,,,
,,,,,,,,,,,,,
,,,,,,,,,,,,,
,,,,,,,,,,,,,
,,,,,,,,,,,,,
,,,,,,,,,,,,,
,,,,,,,,,,,,,
,,,,,,,,,,,,,
,,,,,,,,,,,,,
,,,,,,,,,,,,,
,,,,,,,,,,,,,
,,,,,,,,,,,,,
,,,,,,,,,,,,,
,,,,,,,,,,,,,
,,,,,,,,,,,,,
,,,,,,,,,,,,,
,,,,,,,,,,,,,
,,,,,,,,,,,,,
,,,,,,,,,,,,,
,,,,,,,,,,,,,
,,,,,,,,,,,,,
,,,,,,,,,,,,,
,,,,,,,,,,,,,
,,,,,,,,,,,,,
,,,,,,,,,,,,,
,,,,,,,,,,,,,
,,,,,,,,,,,,,
,,,,,,,,,,,,,
,,,,,,,,,,,,,
,,,,,,,,,,,,,
,,,,,,,,,,,,,
,,,,,,,,,,,,,
,,,,,,,,,,,,,
,,,,,,,,,,,,,
,,,,,,,,,,,,,
,,,,,,,,,,,,,
,,,,,,,,,,,,,
,,,,,,,,,,,,,
,,,,,,,,,,,,,
,,,,,,,,,,,,,
,,,,,,,,,,,,,
,,,,,,,,,,,,,
,,,,,,,,,,,,,
,,,,,,,,,,,,,
,,,,,,,,,,,,,
,,,,,,,,,,,,,
,,,,,,,,,,,,,
,,,,,,,,,,,,,
,,,,,,,,,,,,,
,,,,,,,,,,,,,
,,,,,,,,,,,,,
,,,,,,,,,,,,,
,,,,,,,,,,,,,
,,,,,,,,,,,,,
,,,,,,,,,,,,,
,,,,,,,,,,,,,
,,,,,,,,,,,,,
,,,,,,,,,,,,,
,,,,,,,,,,,,,
,,,,,,,,,,,,,
,,,,,,,,,,,,,
,,,,,,,,,,,,,
,,,,,,,,,,,,,
,,,,,,,,,,,,,
,,,,,,,,,,,,,
,,,,,,,,,,,,,
,,,,,,,,,,,,,
,,,,,,,,,,,,,
,,,,,,,,,,,,,
,,,,,,,,,,,,,
,,,,,,,,,,,,,
,,,,,,,,,,,,,
,,,,,,,,,,,,,
,,,,,,,,,,,,,
,,,,,,,,,,,,,
,,,,,,,,,,,,,
,,,,,,,,,,,,,
,,,,,,,,,,,,,
,,,,,,,,,,,,,
,,,,,,,,,,,,,
,,,,,,,,,,,,,
,,,,,,,,,,,,,
,,,,,,,,,,,,,
,,,,,,,,,,,,,
,,,,,,,,,,,,,
,,,,,,,,,,,,,
,,,,,,,,,,,,,
,,,,,,,,,,,,,
,,,,,,,,,,,,,
,,,,,,,,,,,,,
,,,,,,,,,,,,,
,,,,,,,,,,,,,
,,,,,,,,,,,,,
,,,,,,,,,,,,,
,,,,,,,,,,,,,
,,,,,,,,,,,,,
,,,,,,,,,,,,,
,,,,,,,,,,,,,
,,,,,,,,,,,,,
,,,,,,,,,,,,,
,,,,,,,,,,,,,
,,,,,,,,,,,,,
,,,,,,,,,,,,,
,,,,,,,,,,,,,
,,,,,,,,,,,,,
,,,,,,,,,,,,,
,,,,,,,,,,,,,
,,,,,,,,,,,,,
,,,,,,,,,,,,,
,,,,,,,,,,,,,
,,,,,,,,,,,,,
,,,,,,,,,,,,,
,,,,,,,,,,,,,
,,,,,,,,,,,,,
,,,,,,,,,,,,,
,,,,,,,,,,,,,
,,,,,,,,,,,,,
,,,,,,,,,,,,,
,,,,,,,,,,,,,
,,,,,,,,,,,,,
,,,,,,,,,,,,,
,,,,,,,,,,,,,
,,,,,,,,,,,,,
,,,,,,,,,,,,,
,,,,,,,,,,,,,
,,,,,,,,,,,,,
,,,,,,,,,,,,,
,,,,,,,,,,,,,
,,,,,,,,,,,,,
,,,,,,,,,,,,,
,,,,,,,,,,,,,
,,,,,,,,,,,,,
,,,,,,,,,,,,,
,,,,,,,,,,,,,
,,,,,,,,,,,,,
,,,,,,,,,,,,,
,,,,,,,,,,,,,
,,,,,,,,,,,,,
,,,,,,,,,,,,,
,,,,,,,,,,,,,
,,,,,,,,,,,,,
,,,,,,,,,,,,,
,,,,,,,,,,,,,
,,,,,,,,,,,,,
,,,,,,,,,,,,,
,,,,,,,,,,,,,
,,,,,,,,,,,,,
,,,,,,,,,,,,,
,,,,,,,,,,,,,
,,,,,,,,,,,,,
,,,,,,,,,,,,,
,,,,,,,,,,,,,
,,,,,,,,,,,,,
,,,,,,,,,,,,,
,,,,,,,,,,,,,
,,,,,,,,,,,,,
,,,,,,,,,,,,,
,,,,,,,,,,,,,
,,,,,,,,,,,,,
,,,,,,,,,,,,,
,,,,,,,,,,,,,
,,,,,,,,,,,,,
,,,,,,,,,,,,,
,,,,,,,,,,,,,
,,,,,,,,,,,,,
,,,,,,,,,,,,,
,,,,,,,,,,,,,
,,,,,,,,,,,,,
,,,,,,,,,,,,,
,,,,,,,,,,,,,
,,,,,,,,,,,,,
,,,,,,,,,,,,,
,,,,,,,,,,,,,
,,,,,,,,,,,,,
,,,,,,,,,,,,,
,,,,,,,,,,,,,
,,,,,,,,,,,,,
,,,,,,,,,,,,,
,,,,,,,,,,,,,
,,,,,,,,,,,,,
,,,,,,,,,,,,,
,,,,,,,,,,,,,
,,,,,,,,,,,,,
,,,,,,,,,,,,,
,,,,,,,,,,,,,
,,,,,,,,,,,,,
,,,,,,,,,,,,,
,,,,,,,,,,,,,
,,,,,,,,,,,,,
,,,,,,,,,,,,,
,,,,,,,,,,,,,
,,,,,,,,,,,,,
,,,,,,,,,,,,,
,,,,,,,,,,,,,
,,,,,,,,,,,,,
,,,,,,,,,,,,,
,,,,,,,,,,,,,
,,,,,,,,,,,,,
,,,,,,,,,,,,,
,,,,,,,,,,,,,
,,,,,,,,,,,,,
,,,,,,,,,,,,,
,,,,,,,,,,,,,
,,,,,,,,,,,,,
,,,,,,,,,,,,,
,,,,,,,,,,,,,
,,,,,,,,,,,,,
,,,,,,,,,,,,,
,,,,,,,,,,,,,
,,,,,,,,,,,,,
,,,,,,,,,,,,,
,,,,,,,,,,,,,
,,,,,,,,,,,,,
,,,,,,,,,,,,,
,,,,,,,,,,,,,
,,,,,,,,,,,,,
,,,,,,,,,,,,,
,,,,,,,,,,,,,
,,,,,,,,,,,,,
,,,,,,,,,,,,,
,,,,,,,,,,,,,
,,,,,,,,,,,,,
,,,,,,,,,,,,,
,,,,,,,,,,,,,
,,,,,,,,,,,,,
,,,,,,,,,,,,,
,,,,,,,,,,,,,
,,,,,,,,,,,,,
,,,,,,,,,,,,,
,,,,,,,,,,,,,
,,,,,,,,,,,,,
,,,,,,,,,,,,,
,,,,,,,,,,,,,
,,,,,,,,,,,,,
,,,,,,,,,,,,,
,,,,,,,,,,,,,
,,,,,,,,,,,,,
,,,,,,,,,,,,,
,,,,,,,,,,,,,
,,,,,,,,,,,,,
,,,,,,,,,,,,,
,,,,,,,,,,,,,
,,,,,,,,,,,,,
,,,,,,,,,,,,,
,,,,,,,,,,,,,
,,,,,,,,,,,,,
,,,,,,,,,,,,,
,,,,,,,,,,,,,
,,,,,,,,,,,,,
,,,,,,,,,,,,,
,,,,,,,,,,,,,
,,,,,,,,,,,,,
,,,,,,,,,,,,,
,,,,,,,,,,,,,
,,,,,,,,,,,,,
,,,,,,,,,,,,,
,,,,,,,,,,,,,
,,,,,,,,,,,,,
,,,,,,,,,,,,,
,,,,,,,,,,,,,
,,,,,,,,,,,,,
,,,,,,,,,,,,,
,,,,,,,,,,,,,
,,,,,,,,,,,,,
,,,,,,,,,,,,,
,,,,,,,,,,,,,
,,,,,,,,,,,,,
,,,,,,,,,,,,,
,,,,,,,,,,,,,
,,,,,,,,,,,,,
,,,,,,,,,,,,,
,,,,,,,,,,,,,
,,,,,,,,,,,,,
,,,,,,,,,,,,,
,,,,,,,,,,,,,
,,,,,,,,,,,,,
,,,,,,,,,,,,,
,,,,,,,,,,,,,
,,,,,,,,,,,,,
,,,,,,,,,,,,,
,,,,,,,,,,,,,
,,,,,,,,,,,,,
,,,,,,,,,,,,,
,,,,,,,,,,,,,
,,,,,,,,,,,,,
,,,,,,,,,,,,,
,,,,,,,,,,,,,
,,,,,,,,,,,,,
,,,,,,,,,,,,,
,,,,,,,,,,,,,
,,,,,,,,,,,,,
,,,,,,,,,,,,,
,,,,,,,,,,,,,
,,,,,,,,,,,,,
,,,,,,,,,,,,,
,,,,,,,,,,,,,
,,,,,,,,,,,,,
,,,,,,,,,,,,,
,,,,,,,,,,,,,
,,,,,,,,,,,,,
,,,,,,,,,,,,,
,,,,,,,,,,,,,
,,,,,,,,,,,,,
,,,,,,,,,,,,,
,,,,,,,,,,,,,
,,,,,,,,,,,,,
,,,,,,,,,,,,,
,,,,,,,,,,,,,
,,,,,,,,,,,,,
,,,,,,,,,,,,,
,,,,,,,,,,,,,
,,,,,,,,,,,,,
,,,,,,,,,,,,,
,,,,,,,,,,,,,
,,,,,,,,,,,,,
,,,,,,,,,,,,,
,,,,,,,,,,,,,
,,,,,,,,,,,,,
,,,,,,,,,,,,,
,,,,,,,,,,,,,
,,,,,,,,,,,,,
,,,,,,,,,,,,,
,,,,,,,,,,,,,
,,,,,,,,,,,,,
,,,,,,,,,,,,,
,,,,,,,,,,,,,
,,,,,,,,,,,,,
,,,,,,,,,,,,,
,,,,,,,,,,,,,
,,,,,,,,,,,,,
,,,,,,,,,,,,,
,,,,,,,,,,,,,
,,,,,,,,,,,,,
,,,,,,,,,,,,,
,,,,,,,,,,,,,
,,,,,,,,,,,,,
,,,,,,,,,,,,,
,,,,,,,,,,,,,
,,,,,,,,,,,,,
,,,,,,,,,,,,,
,,,,,,,,,,,,,
,,,,,,,,,,,,,
,,,,,,,,,,,,,
,,,,,,,,,,,,,
,,,,,,,,,,,,,
,,,,,,,,,,,,,
,,,,,,,,,,,,,
,,,,,,,,,,,,,
,,,,,,,,,,,,,
,,,,,,,,,,,,,
,,,,,,,,,,,,,
,,,,,,,,,,,,,
,,,,,,,,,,,,,
,,,,,,,,,,,,,
,,,,,,,,,,,,,
,,,,,,,,,,,,,
,,,,,,,,,,,,,
,,,,,,,,,,,,,
,,,,,,,,,,,,,
,,,,,,,,,,,,,
,,,,,,,,,,,,,
,,,,,,,,,,,,,
,,,,,,,,,,,,,
,,,,,,,,,,,,,
,,,,,,,,,,,,,
,,,,,,,,,,,,,
,,,,,,,,,,,,,
,,,,,,,,,,,,,
,,,,,,,,,,,,,
,,,,,,,,,,,,,
,,,,,,,,,,,,,
,,,,,,,,,,,,,
,,,,,,,,,,,,,
,,,,,,,,,,,,,
,,,,,,,,,,,,,
,,,,,,,,,,,,,
,,,,,,,,,,,,,
,,,,,,,,,,,,,
,,,,,,,,,,,,,
,,,,,,,,,,,,,
,,,,,,,,,,,,,
,,,,,,,,,,,,,
,,,,,,,,,,,,,
,,,,,,,,,,,,,
,,,,,,,,,,,,,
,,,,,,,,,,,,,
,,,,,,,,,,,,,
,,,,,,,,,,,,,
,,,,,,,,,,,,,
,,,,,,,,,,,,,
,,,,,,,,,,,,,
,,,,,,,,,,,,,
,,,,,,,,,,,,,
,,,,,,,,,,,,,
,,,,,,,,,,,,,
,,,,,,,,,,,,,
,,,,,,,,,,,,,
,,,,,,,,,,,,,
,,,,,,,,,,,,,
,,,,,,,,,,,,,
,,,,,,,,,,,,,
,,,,,,,,,,,,,
,,,,,,,,,,,,,
,,,,,,,,,,,,,
,,,,,,,,,,,,,
,,,,,,,,,,,,,
,,,,,,,,,,,,,
,,,,,,,,,,,,,
,,,,,,,,,,,,,
,,,,,,,,,,,,,
,,,,,,,,,,,,,
,,,,,,,,,,,,,
,,,,,,,,,,,,,
,,,,,,,,,,,,,
,,,,,,,,,,,,,
,,,,,,,,,,,,,
,,,,,,,,,,,,,
,,,,,,,,,,,,,
,,,,,,,,,,,,,
,,,,,,,,,,,,,
,,,,,,,,,,,,,
,,,,,,,,,,,,,
,,,,,,,,,,,,,
,,,,,,,,,,,,,
,,,,,,,,,,,,,
,,,,,,,,,,,,,
,,,,,,,,,,,,,
,,,,,,,,,,,,,
,,,,,,,,,,,,,
,,,,,,,,,,,,,
,,,,,,,,,,,,,
,,,,,,,,,,,,,
,,,,,,,,,,,,,
,,,,,,,,,,,,,
,,,,,,,,,,,,,
,,,,,,,,,,,,,
,,,,,,,,,,,,,
,,,,,,,,,,,,,
,,,,,,,,,,,,,
,,,,,,,,,,,,,
,,,,,,,,,,,,,
,,,,,,,,,,,,,
,,,,,,,,,,,,,
,,,,,,,,,,,,,
,,,,,,,,,,,,,
,,,,,,,,,,,,,
,,,,,,,,,,,,,
,,,,,,,,,,,,,
,,,,,,,,,,,,,
,,,,,,,,,,,,,
,,,,,,,,,,,,,
,,,,,,,,,,,,,
,,,,,,,,,,,,,
,,,,,,,,,,,,,
,,,,,,,,,,,,,
,,,,,,,,,,,,,
,,,,,,,,,,,,,
,,,,,,,,,,,,,
,,,,,,,,,,,,,
,,,,,,,,,,,,,
,,,,,,,,,,,,,
,,,,,,,,,,,,,
,,,,,,,,,,,,,
,,,,,,,,,,,,,
,,,,,,,,,,,,,
,,,,,,,,,,,,,
,,,,,,,,,,,,,
,,,,,,,,,,,,,
,,,,,,,,,,,,,
,,,,,,,,,,,,,
,,,,,,,,,,,,,
,,,,,,,,,,,,,
,,,,,,,,,,,,,
,,,,,,,,,,,,,
,,,,,,,,,,,,,
,,,,,,,,,,,,,
,,,,,,,,,,,,,
,,,,,,,,,,,,,
,,,,,,,,,,,,,
,,,,,,,,,,,,,
,,,,,,,,,,,,,
,,,,,,,,,,,,,
,,,,,,,,,,,,,
,,,,,,,,,,,,,
,,,,,,,,,,,,,
,,,,,,,,,,,,,
,,,,,,,,,,,,,
,,,,,,,,,,,,,
,,,,,,,,,,,,,
,,,,,,,,,,,,,
,,,,,,,,,,,,,
,,,,,,,,,,,,,
,,,,,,,,,,,,,
,,,,,,,,,,,,,
,,,,,,,,,,,,,
,,,,,,,,,,,,,
,,,,,,,,,,,,,
,,,,,,,,,,,,,
,,,,,,,,,,,,,
,,,,,,,,,,,,,
,,,,,,,,,,,,,
,,,,,,,,,,,,,
,,,,,,,,,,,,,
,,,,,,,,,,,,,
,,,,,,,,,,,,,
,,,,,,,,,,,,,
,,,,,,,,,,,,,
,,,,,,,,,,,,,
,,,,,,,,,,,,,
,,,,,,,,,,,,,
,,,,,,,,,,,,,
,,,,,,,,,,,,,
,,,,,,,,,,,,,
,,,,,,,,,,,,,
,,,,,,,,,,,,,
,,,,,,,,,,,,,
,,,,,,,,,,,,,
,,,,,,,,,,,,,
,,,,,,,,,,,,,
,,,,,,,,,,,,,
,,,,,,,,,,,,,
,,,,,,,,,,,,,
,,,,,,,,,,,,,
,,,,,,,,,,,,,
,,,,,,,,,,,,,
,,,,,,,,,,,,,
,,,,,,,,,,,,,
,,,,,,,,,,,,,
,,,,,,,,,,,,,
,,,,,,,,,,,,,
,,,,,,,,,,,,,
,,,,,,,,,,,,,
,,,,,,,,,,,,,
,,,,,,,,,,,,,
,,,,,,,,,,,,,
,,,,,,,,,,,,,
,,,,,,,,,,,,,
,,,,,,,,,,,,,
,,,,,,,,,,,,,
,,,,,,,,,,,,,
,,,,,,,,,,,,,
,,,,,,,,,,,,,
,,,,,,,,,,,,,
,,,,,,,,,,,,,
,,,,,,,,,,,,,
,,,,,,,,,,,,,
,,,,,,,,,,,,,
,,,,,,,,,,,,,
,,,,,,,,,,,,,
,,,,,,,,,,,,,
,,,,,,,,,,,,,
,,,,,,,,,,,,,
,,,,,,,,,,,,,
,,,,,,,,,,,,,
,,,,,,,,,,,,,
,,,,,,,,,,,,,
,,,,,,,,,,,,,
,,,,,,,,,,,,,
,,,,,,,,,,,,,
,,,,,,,,,,,,,
,,,,,,,,,,,,,
,,,,,,,,,,,,,
,,,,,,,,,,,,,
,,,,,,,,,,,,,
,,,,,,,,,,,,,
,,,,,,,,,,,,,
,,,,,,,,,,,,,
,,,,,,,,,,,,,
,,,,,,,,,,,,,
,,,,,,,,,,,,,
,,,,,,,,,,,,,
,,,,,,,,,,,,,
,,,,,,,,,,,,,
,,,,,,,,,,,,,
,,,,,,,,,,,,,
,,,,,,,,,,,,,
,,,,,,,,,,,,,
,,,,,,,,,,,,,
,,,,,,,,,,,,,
,,,,,,,,,,,,,
,,,,,,,,,,,,,
,,,,,,,,,,,,,
,,,,,,,,,,,,,
,,,,,,,,,,,,,
,,,,,,,,,,,,,
,,,,,,,,,,,,,
